缂栧彿,鍙戠敓鏃堕棿,鍖哄煙,elevation,slope,waterDistance,vegetationCoverage,rainfall,duration,鏈€澶у皬鏃堕洦寮?mm/h),rockType,landslide,debris_flow,barrier_lake,torrential_flood,water_logging
3,2021/8/23,高陵区耿镇,804,19.2,14,30,21,1.2,24.6,1,0,0,0,0,0
5,2017/10/14,长安区沣峪,1816,37.1,265,84,32,0.8,38.2,0,1,1,0,0,0
6,2018/6/7,周至县广济,1952,39.7,392,95,31,0.6,24.4,0,0,1,0,0,0
8,2012/11/1,灞桥区洪庆,802,19.8,222,62,27,0.8,11.6,1,0,0,0,0,0
9,2022/7/15,临潼区代王,335,35.2,859,53,5,1,24,0,0,0,0,0,1
10,2021/8/12,周至县板房子,2154,28.8,132,80,40,1.1,36.4,3,0,1,0,0,0
12,2013/11/12,蓝田县汤峪,2209,28.9,1500,40,26,1.1,20.8,2,1,0,0,0,0
13,2010/7/19,灞桥区洪庆,352,21.7,83,51,7,1,8.6,1,0,0,0,0,0
15,2010/6/8,周至县厚畛子,1137,38.9,399,80,12,0.8,12.9,3,0,0,0,0,0
16,2018/6/20,鄠邑区玉蝉,801,43,63,61,1,0.7,18.9,5,0,0,0,0,1
17,2010/7/24,未央区谭家,924,21.5,2,30,35,1.1,13,1,0,1,1,0,1
18,2014/7/16,灞桥区狄寨,691,15.2,568,30,12,1.2,28,1,1,0,0,0,0
19,2022/11/19,未央区六村堡,582,10.3,311,30,22,0.7,8.2,1,0,1,0,0,1
23,2019/10/7,鄠邑区玉蝉,1484,30.6,653,64,12,1.1,29.8,3,0,0,0,0,0
27,2022/6/21,鄠邑区玉蝉,2012,33.4,402,95,28,1.1,9.3,3,1,1,0,0,0
30,2010/9/29,鄠邑区涝峪,2436,45.2,295,88,10,1.1,28,5,1,1,1,0,0
31,2011/4/3,蓝田县汤峪,889,24.9,115,46,9,0.8,11.7,0,1,0,0,0,0
32,2014/9/29,蓝田县玉川,2217,37.5,165,95,16,0.9,15,3,1,1,0,0,0
33,2014/10/12,周至县厚畛子,2348,22.8,404,59,8,1,40,5,0,0,0,0,0
35,2014/7/23,临潼区骊山,338,34.9,18,30,24,1.1,13.8,2,1,1,1,0,0
36,2016/5/14,灞桥区白鹿塬,469,26.8,152,30,34,0.9,15,1,0,1,1,0,0
37,2022/10/4,周至县马召,2075,20,710,87,37,1.1,23.6,3,0,1,1,0,0
40,2015/8/3,雁塔区曲江,311,29.3,956,45,36,0.6,36.9,0,1,1,1,0,0
44,2014/7/14,蓝田县玉川,800,41.5,924,40,25,0.9,33.1,2,1,0,1,0,0
46,2012/9/7,长安区小峪,1563,35.4,304,95,17,0.8,7.1,2,0,1,1,0,0
48,2020/7/16,蓝田县九间房,910,26.2,127,79,21,0.8,14.8,3,0,1,1,0,0
49,2012/6/21,长安区蒿沟,1403,33.1,239,78,25,0.8,40,3,1,1,1,0,0
51,2017/8/22,蓝田县玉川,827,30,413,40,34,1,16.6,5,1,0,1,0,0
52,2021/8/13,未央区谭家,314,21.5,60,57,37,1.1,44,1,1,0,1,0,0
54,2017/8/27,高陵区鹿苑,676,13.5,81,33,32,0.8,33.3,1,1,1,1,0,1
55,2013/7/24,长安区太乙宫,2145,41.4,2,73,10,1.1,14.3,3,0,0,0,0,1
57,2015/8/5,鄠邑区甘河,2334,50,16,70,0,0.6,28.2,4,1,0,1,0,0
58,2014/7/9,临潼区骊山,849,20.8,796,30,14,0.7,18.9,2,1,0,0,0,0
59,2022/8/8,临潼区斜口,528,33.8,68,37,17,0.8,16,1,1,0,0,0,0
60,2018/10/18,临潼区骊山,594,39.4,294,30,24,1,13.3,2,0,1,0,0,0
61,2017/5/19,鄠邑区涝峪,997,20,843,40,3,1.2,13.7,3,1,0,1,0,0
64,2020/9/5,临潼区斜口,553,50,717,30,6,0.7,40,2,1,0,0,0,0
66,2018/7/22,长安区太乙宫,2285,27.1,1257,92,0,0.7,14.6,0,0,0,0,0,0
67,2018/7/21,蓝田县蓝关,2259,38.8,36,67,30,1,12.3,5,1,1,1,0,0
68,2020/8/17,鄠邑区蒋村,1754,26,58,73,37,0.8,13,5,0,0,0,0,0
70,2022/7/30,灞桥区席王,617,17.1,11,39,6,0.6,8.8,1,0,0,0,0,0
71,2011/8/30,鄠邑区涝峪,1630,20,33,77,21,1.2,19.4,5,0,0,0,0,0
73,2017/9/2,临潼区代王,387,40.7,532,65,12,1.2,52.9,0,1,0,0,0,1
75,2013/7/26,临潼区零口,579,48.6,36,43,17,0.7,80,1,1,1,1,0,0
76,2011/9/13,周至县广济,2024,36.4,1248,88,23,0.6,14.3,5,1,0,0,0,0
79,2017/9/3,雁塔区杜城,354,19.4,327,38,11,0.9,52,0,0,1,0,0,0
81,2012/8/3,长安区沣峪,907,26.3,268,95,12,0.6,13.9,3,0,1,0,0,0
82,2023/6/16,未央区六村堡,960,24,304,50,37,0.8,18.6,1,1,0,0,0,0
85,2019/8/23,周至县王家河,838,38.3,469,40,21,1.1,11.7,3,0,0,0,0,0
86,2016/7/3,未央区六村堡,713,23.2,22,36,4,0.6,29.1,1,1,1,1,0,0
89,2022/7/31,蓝田县九间房,2066,22.4,58,90,8,1.1,9.8,0,0,1,0,0,0
90,2016/5/17,鄠邑区甘河,1843,46.4,357,40,34,1,30.7,5,0,1,0,0,0
91,2018/8/4,鄠邑区涝峪,2433,20,96,94,14,0.6,22.6,5,0,0,0,0,0
94,2021/10/1,长安区沣峪,1615,41.6,359,71,24,1.2,15,2,0,1,1,0,0
95,2019/10/25,长安区引镇,1334,36.8,0,51,22,1.2,29.3,3,0,0,0,0,0
96,2020/5/17,鄠邑区玉蝉,1159,41,233,80,20,1.2,7.8,5,0,1,1,0,0
97,2021/11/28,长安区太乙宫,836,31.4,107,95,9,0.7,11.1,3,0,1,1,0,0
99,2022/7/4,周至县马召,1196,50,578,68,19,0.6,30.4,3,1,0,1,0,0
102,2016/8/3,临潼区斜口,992,33.7,0,33,9,0.7,28.1,2,0,1,0,0,0
105,2021/8/20,蓝田县九间房,1735,28,130,95,10,0.6,23.5,0,0,1,0,0,0
107,2023/9/15,临潼区骊山,306,40.5,324,55,38,1.1,26.6,2,0,1,0,0,1
109,2017/7/9,周至县广济,1723,39.9,22,69,14,1.1,21.5,4,1,1,1,0,0
110,2022/9/24,周至县板房子,1315,42,211,80,24,0.6,19.3,4,0,0,0,0,0
111,2013/7/2,鄠邑区玉蝉,1731,21.9,269,81,30,1,8.7,0,0,0,0,0,0
112,2012/9/26,灞桥区白鹿塬,777,17.2,1066,30,35,0.7,22.1,1,1,0,0,0,0
113,2018/8/20,鄠邑区蒋村,1637,43.5,317,95,31,1.1,7.1,5,0,0,0,0,0
115,2010/8/25,长安区蒿沟,2107,31.6,11,62,32,0.8,16.1,0,0,0,0,0,0
118,2020/7/18,蓝田县九间房,2117,38.2,45,40,34,0.6,17,5,1,1,0,0,0
119,2014/8/15,长安区沣峪,2016,29.8,546,66,29,0.9,17.8,2,0,0,0,0,0
121,2022/9/9,长安区引镇,2433,21.5,330,40,35,0.8,8.8,2,1,1,1,0,0
124,2014/8/29,蓝田县汤峪,811,35.7,85,53,1,1,16.5,0,1,1,0,0,0
125,2020/9/13,临潼区骊山,918,33,785,48,15,0.9,55,2,0,1,0,0,0
126,2020/7/29,临潼区零口,590,34.2,261,51,37,1.2,9.1,1,1,1,1,0,0
127,2021/5/10,临潼区斜口,458,30.2,251,45,13,0.6,28.4,0,1,1,1,0,0
128,2020/8/13,鄠邑区蒋村,1941,35.5,217,95,30,1,12.8,4,0,0,0,0,0
130,2010/8/3,未央区未央宫,972,30.7,73,38,10,0.6,55.4,1,0,1,1,0,0
131,2011/8/3,鄠邑区甘河,2481,23.5,379,40,17,0.6,7.5,5,0,0,0,0,0
132,2023/7/4,长安区引镇,1152,21.9,137,83,24,0.6,23,0,0,1,0,0,0
134,2023/9/20,长安区小峪,2265,27.1,230,81,35,0.8,9.6,0,0,0,0,0,0
135,2013/9/3,雁塔区曲江,536,16.2,334,41,3,0.9,18.8,0,0,0,0,0,0
136,2022/6/14,长安区沣峪,2486,50,92,53,8,0.6,34.1,2,0,0,0,0,1
137,2013/8/18,鄠邑区蒋村,2242,22.2,463,88,3,1.2,11.7,3,0,0,0,0,0
142,2012/12/9,长安区子午峪,2152,32.3,458,47,18,0.7,41.7,3,0,0,0,0,0
144,2023/7/7,灞桥区席王,897,14.1,996,33,40,1,12.5,1,0,1,1,0,1
146,2016/8/21,周至县广济,1345,44.3,194,61,29,0.6,22.6,4,1,0,0,0,0
148,2021/8/23,鄠邑区甘河,1266,41.4,34,95,34,0.6,12.5,3,0,0,0,0,0
150,2014/6/5,灞桥区洪庆,651,22.7,21,30,34,1,13,1,1,1,0,0,0
151,2011/12/3,长安区小峪,2205,33.3,964,40,40,0.6,24.4,3,0,0,0,0,0
153,2018/8/18,雁塔区曲江,713,21.1,206,37,10,0.8,5.6,1,0,0,0,0,0
154,2023/7/8,灞桥区白鹿塬,537,23.4,449,30,20,0.8,21.1,1,0,1,0,0,0
155,2020/9/18,蓝田县九间房,2230,39,234,80,11,0.8,58.7,0,0,1,0,0,0
156,2016/9/12,鄠邑区涝峪,1951,25.5,245,51,36,0.7,14,3,0,0,0,0,0
158,2019/9/22,临潼区斜口,313,41.6,340,54,30,0.7,23.9,1,1,1,1,0,0
159,2019/9/24,蓝田县玉川,1977,27.5,149,84,24,0.7,10,5,0,0,0,0,0
161,2021/8/28,蓝田县九间房,2142,32.3,24,54,9,0.9,19.3,2,1,1,0,0,0
162,2013/8/30,蓝田县葛牌,2006,46.8,81,41,23,1.1,35.3,3,0,1,1,0,0
164,2011/7/3,长安区沣峪,2448,37.8,264,76,33,1,28.2,0,0,1,1,0,0
166,2021/8/25,临潼区斜口,963,38.8,192,34,24,1.2,40,2,1,1,1,0,0
167,2015/9/12,长安区引镇,2051,20,128,95,17,0.9,19,0,0,0,0,0,0
168,2016/8/21,长安区太乙宫,1291,39.3,205,95,2,1.2,13.8,0,0,1,0,0,0
169,2012/7/25,雁塔区杜城,744,16.3,570,38,11,1,23.3,0,1,0,1,0,0
170,2010/9/2,长安区子午峪,997,36.2,563,72,16,0.8,7.5,0,0,0,0,0,0
171,2017/7/6,临潼区代王,949,32.9,1146,30,10,0.8,17,1,0,1,1,0,0
172,2017/9/8,未央区谭家,927,18.2,180,48,2,1.1,23.1,1,0,0,0,0,0
174,2017/7/23,鄠邑区蒋村,1037,25.2,357,83,35,0.6,25.5,4,0,0,0,0,0
176,2022/9/2,长安区小峪,1925,34.6,1170,89,15,0.9,27.6,2,1,0,0,0,0
179,2015/8/17,临潼区斜口,950,25.3,557,30,39,1.1,15,1,0,0,0,0,0
181,2016/10/9,临潼区代王,506,38.3,333,36,15,0.6,18.2,1,1,1,1,0,0
182,2023/7/31,长安区引镇,1395,43.8,5,90,28,1.2,14.5,2,0,1,0,0,0
183,2022/9/7,鄠邑区祖庵,1896,42.1,109,90,21,1.1,16.1,4,1,1,0,0,0
185,2016/12/16,蓝田县汤峪,1680,24.8,101,40,18,1.1,43.3,5,0,1,0,0,0
188,2022/7/3,灞桥区洪庆,493,20.2,95,45,28,0.6,26.2,1,0,1,0,0,0
193,2013/4/18,蓝田县汤峪,2147,28.3,138,40,6,0.7,19.4,3,0,1,0,0,0
194,2018/5/7,周至县板房子,904,41.5,274,93,14,1.1,38.2,0,1,1,1,0,0
195,2022/9/6,临潼区斜口,649,21.4,200,63,15,1,11.2,2,0,0,0,0,0
199,2015/8/1,长安区蒿沟,2448,35.9,45,40,4,0.9,26.4,3,0,1,1,0,0
200,2020/3/10,周至县厚畛子,1061,34.1,423,67,32,0.7,21.5,5,1,0,1,0,0
205,2018/9/14,长安区引镇,2405,35.6,48,53,21,0.8,60,2,1,1,0,0,0
206,2010/7/30,临潼区代王,698,45.1,279,30,0,1.1,40,0,0,0,0,0,0
209,2014/9/13,临潼区骊山,487,44.5,561,51,29,0.6,42,2,0,0,0,0,1
210,2012/5/8,长安区沣峪,987,21.9,258,76,10,1.2,41.1,2,1,1,1,0,0
211,2017/9/15,蓝田县玉川,2113,34.4,99,82,9,1,13.6,5,1,1,1,0,0
212,2014/12/19,周至县广济,2136,25.1,428,81,28,0.6,17.6,3,0,1,0,0,0
214,2011/6/18,临潼区斜口,938,47.5,17,30,26,0.6,18.1,2,1,1,1,0,0
215,2018/9/6,蓝田县葛牌,1688,33.6,250,69,3,0.6,40,0,1,0,1,0,0
217,2010/9/24,临潼区骊山,751,26.6,33,63,14,1,20,1,0,1,0,0,1
219,2010/10/4,灞桥区狄寨,472,19.5,801,30,34,0.6,32.7,1,0,0,0,0,0
220,2022/4/25,临潼区骊山,353,36.2,218,60,35,1,35.3,1,1,1,0,0,0
221,2015/8/17,雁塔区杜城,835,23.1,13,49,37,0.7,26.2,0,0,1,1,0,0
223,2023/7/12,长安区子午峪,1354,47.4,326,81,32,1.2,15.9,0,0,1,1,0,0
224,2022/7/22,长安区沣峪,1415,44.2,20,40,6,1.1,31.4,0,0,1,0,0,1
227,2017/10/22,周至县板房子,1358,36.3,351,64,7,0.8,30.8,0,1,1,1,0,0
228,2022/9/26,灞桥区狄寨,752,23.3,429,44,9,0.6,20,1,0,1,0,0,0
230,2012/8/23,长安区子午峪,1685,38.7,4,62,30,1,10.7,3,1,1,1,0,1
231,2013/9/15,蓝田县九间房,2250,32.5,330,74,15,0.8,13.8,2,1,1,0,0,0
232,2020/7/21,蓝田县蓝关,1671,33.3,565,95,19,0.8,5.7,2,0,0,0,0,0
234,2010/7/18,高陵区鹿苑,992,16.6,133,30,15,1,36.4,4,0,1,0,0,0
235,2018/7/5,长安区子午峪,2224,38.5,76,40,25,1.1,7.3,0,0,1,1,0,0
239,2018/7/10,蓝田县汤峪,2438,36.1,109,40,14,0.9,9.6,0,0,1,0,0,0
240,2016/9/26,蓝田县汤峪,1501,41.6,511,66,12,0.7,13.1,3,0,0,0,0,0
242,2014/9/5,长安区沣峪,2014,41.3,213,68,26,0.8,24,2,1,0,1,0,0
243,2016/10/26,灞桥区白鹿塬,937,29,127,38,34,0.8,25.6,1,0,1,0,0,0
246,2020/7/11,未央区六村堡,959,26.9,339,30,37,0.6,27.1,1,0,1,0,0,0
247,2011/10/16,高陵区鹿苑,478,20.3,102,30,6,1.1,22,1,1,0,0,0,0
249,2023/8/23,周至县板房子,2300,44.2,32,40,21,0.6,20,3,0,1,0,0,0
251,2012/8/16,鄠邑区涝峪,1385,29.4,351,44,4,0.6,21.1,4,0,1,0,0,0
252,2012/9/20,长安区沣峪,2237,29.2,308,56,9,1,12,2,0,1,1,0,0
253,2020/8/28,长安区引镇,2275,49.1,880,54,34,0.7,33,2,0,0,0,0,0
254,2013/2/7,蓝田县葛牌,1987,48.6,842,67,10,0.6,13.5,0,1,0,0,0,0
261,2017/8/4,蓝田县九间房,1952,31.1,319,95,5,1.2,37.4,3,0,1,0,0,0
263,2019/7/7,蓝田县葛牌,1680,44.9,32,94,22,1.2,15.4,2,1,0,0,0,0
266,2016/7/23,蓝田县汤峪,1950,29.1,965,53,36,1,40,2,0,0,0,0,0
267,2019/8/8,灞桥区白鹿塬,748,16.9,237,30,23,0.8,16.2,1,1,0,0,0,0
268,2022/8/5,临潼区零口,750,34.6,69,30,36,0.6,32,2,1,1,1,0,0
269,2014/8/11,灞桥区洪庆,679,21.7,358,34,28,1.1,25.3,1,1,0,1,0,0
270,2022/8/19,临潼区代王,728,29.6,199,41,6,1.2,30,2,1,0,0,0,0
272,2017/9/27,灞桥区白鹿塬,943,28.8,321,36,16,0.6,14,1,1,0,0,0,0
273,2018/8/4,临潼区骊山,549,40.3,238,30,20,0.6,8.1,2,1,1,1,0,0
275,2017/9/8,蓝田县蓝关,1863,21.4,275,78,17,1.1,22.2,3,0,1,0,0,0
276,2023/8/17,蓝田县葛牌,1304,26.3,92,86,18,0.9,14,3,0,0,0,0,0
277,2013/7/7,蓝田县蓝关,1798,27.4,450,49,4,0.9,12.8,2,0,1,0,0,0
279,2020/10/24,蓝田县九间房,1254,44.3,1500,71,23,1,12.8,2,0,0,0,0,0
280,2022/10/27,蓝田县汤峪,2478,39.9,109,50,2,0.8,22.1,2,1,1,1,0,0
285,2010/9/15,蓝田县玉川,1205,50,545,95,40,0.8,9,5,0,0,0,0,0
286,2021/9/8,临潼区代王,521,36.9,921,35,31,0.9,18.1,1,1,1,1,0,0
287,2020/5/22,灞桥区白鹿塬,328,18.5,165,55,21,1,13.7,1,0,0,0,0,1
288,2017/10/16,周至县广济,2038,42.2,1500,40,10,1.1,19,5,1,0,0,0,1
289,2014/8/30,长安区沣峪,1179,37.7,834,81,2,1.1,50,2,0,0,0,0,0
291,2016/6/28,周至县王家河,1436,41.8,51,75,39,1,40,3,0,0,0,0,1
292,2021/1/30,未央区未央宫,364,10.6,518,51,13,0.6,6.7,1,0,0,0,0,0
295,2023/8/31,周至县马召,2374,35.8,98,50,23,1.2,23.1,0,1,1,1,0,0
296,2015/8/2,雁塔区电子城,907,14.5,141,54,0,0.6,15.7,1,0,0,0,0,0
297,2018/6/9,蓝田县葛牌,1524,38.7,622,40,12,0.6,14.5,2,1,1,0,0,0
299,2022/9/7,长安区小峪,955,36.5,429,64,8,1.2,10,0,0,1,0,0,0
300,2014/6/30,蓝田县九间房,2390,32.1,312,65,16,1.2,16.7,0,0,1,0,0,0
301,2018/7/20,雁塔区曲江,666,15.5,53,44,20,0.7,16.8,0,1,0,1,0,0
303,2017/10/23,雁塔区杜城,641,20.5,448,63,4,1.1,14.8,1,0,0,0,0,0
306,2018/5/15,长安区小峪,2411,28,179,71,14,1.1,12.9,2,0,0,0,0,0
307,2012/7/3,蓝田县蓝关,2018,27.4,154,69,33,1,14.1,5,0,0,0,0,0
308,2010/9/22,长安区引镇,1469,36.2,597,93,9,1.1,20,2,1,0,1,0,0
309,2019/9/26,长安区小峪,1774,25.3,37,40,6,0.7,33.5,2,0,0,0,0,0
310,2011/9/21,临潼区零口,962,29.1,247,67,6,1.2,31.1,2,0,0,0,0,0
311,2014/8/9,未央区未央宫,813,18.8,403,43,11,0.8,44,1,1,1,0,0,1
317,2011/10/1,周至县厚畛子,1987,48.9,322,61,35,0.7,24.5,3,0,1,1,0,0
319,2016/9/24,周至县板房子,902,46,155,85,32,0.6,6.8,3,1,0,0,0,0
322,2020/7/10,长安区太乙宫,2139,33.6,169,67,33,0.9,62,0,0,1,0,0,0
324,2012/6/11,长安区引镇,1204,34,92,86,5,1.1,45,0,0,0,0,0,0
325,2012/1/21,灞桥区洪庆,955,19.6,266,37,29,1,36.9,1,0,1,0,0,0
328,2022/8/10,蓝田县玉川,964,33.8,428,76,10,0.8,7.2,0,1,0,0,0,0
329,2013/5/30,周至县王家河,1270,28.1,487,79,22,0.7,16.7,3,0,0,0,0,0
330,2018/10/20,灞桥区席王,687,16,33,47,29,0.9,26.7,1,0,1,0,0,0
331,2013/8/19,长安区引镇,1982,42.1,603,89,9,1.1,6.9,3,1,0,1,0,0
334,2011/7/11,阎良区新兴,494,25.9,271,30,20,0.8,11.5,4,0,0,0,0,1
335,2021/7/10,蓝田县汤峪,1644,28.9,325,68,34,0.9,16.1,5,1,0,1,0,1
338,2017/9/14,临潼区斜口,613,20,157,58,6,0.9,16.7,1,0,0,0,0,0
339,2010/9/13,灞桥区白鹿塬,829,12.3,424,51,10,0.7,27.8,1,0,1,1,0,0
340,2010/9/13,临潼区骊山,616,34.4,126,30,26,0.9,16.9,1,0,1,1,0,0
341,2012/1/17,鄠邑区涝峪,1933,35.2,571,61,8,0.9,20,0,1,0,0,0,0
342,2015/8/2,鄠邑区蒋村,1307,30.7,196,85,8,0.8,22,4,0,1,1,0,0
343,2013/5/14,周至县板房子,857,20,201,60,29,1,8.5,3,0,0,0,0,0
344,2014/9/27,长安区小峪,1011,43.3,619,69,18,1,15.4,2,1,0,1,0,0
346,2013/8/24,长安区沣峪,2374,34.8,21,87,37,1.2,12.6,2,0,0,0,0,0
348,2018/8/12,灞桥区洪庆,951,23.5,6,51,19,0.7,8.5,1,1,0,0,0,0
349,2020/8/28,雁塔区电子城,514,17.1,468,80,14,0.8,21.4,1,0,0,0,0,0
352,2010/7/12,周至县厚畛子,1729,35.9,359,95,28,1.1,23,4,0,1,1,0,0
355,2022/6/1,蓝田县九间房,1398,27.1,277,40,18,0.8,26.7,3,0,1,0,0,0
356,2016/8/9,未央区六村堡,840,16.6,174,39,2,1.2,22.4,1,1,0,0,0,0
361,2018/12/28,蓝田县蓝关,1816,20,120,87,27,1,20.9,2,0,1,0,0,0
363,2018/7/8,灞桥区狄寨,780,26.9,7,33,35,1.1,20,1,0,1,0,0,0
364,2011/5/15,蓝田县葛牌,1612,41.5,23,79,38,1,24.6,2,0,0,0,0,0
366,2021/7/27,长安区引镇,1949,36.3,45,61,37,1.1,80,2,1,0,0,0,1
368,2016/8/27,鄠邑区玉蝉,2289,37.1,21,95,19,0.9,37.6,5,0,1,0,0,1
369,2018/9/21,灞桥区白鹿塬,411,26.1,42,41,10,1.2,12.2,1,1,0,1,0,1
370,2015/7/13,蓝田县九间房,1633,33.6,851,61,34,0.8,40,2,1,1,1,0,0
372,2018/7/1,蓝田县葛牌,1280,44.8,94,55,4,0.8,46,3,0,0,0,0,0
374,2012/10/25,未央区未央宫,546,25.3,651,55,29,1,25.7,1,1,0,1,0,0
375,2020/6/3,雁塔区曲江,597,19.2,588,69,27,1.1,10.3,0,0,0,0,0,1
376,2016/7/7,高陵区鹿苑,786,19,140,30,14,0.8,21.1,1,1,1,1,0,0
377,2016/8/6,周至县王家河,1922,38.9,167,88,3,0.6,32.7,5,0,1,1,0,0
382,2020/5/1,周至县广济,2053,39.3,303,79,11,0.6,60,5,0,0,0,0,0
384,2015/4/27,灞桥区狄寨,546,18.9,95,67,36,0.9,23.5,1,0,1,0,0,0
386,2011/7/17,周至县板房子,2424,22.6,165,95,19,1.2,10.5,4,0,1,1,0,0
387,2010/8/16,蓝田县葛牌,929,36.6,412,57,10,0.9,64.4,3,1,1,1,0,0
388,2019/8/25,长安区子午峪,1411,20.5,518,58,37,1.1,13.8,0,0,0,0,0,0
389,2010/7/24,蓝田县汤峪,924,25.1,291,77,13,0.9,26.4,2,0,1,1,0,0
391,2019/7/1,未央区谭家,351,10.7,596,73,0,0.8,18.5,1,0,0,0,0,1
392,2018/8/23,蓝田县玉川,1373,42.4,707,77,28,1,24.8,5,0,0,0,0,0
394,2021/9/27,未央区未央宫,979,18.4,543,33,26,0.8,24.4,1,1,0,0,0,0
395,2011/8/10,长安区蒿沟,1904,47.6,210,94,19,0.8,33.3,2,0,0,0,0,0
398,2011/9/11,长安区蒿沟,1824,36.7,248,59,4,0.7,14.8,2,0,1,1,0,0
399,2010/7/10,阎良区关山,981,29.3,249,32,27,0.8,14,2,1,0,1,0,0
400,2019/8/2,周至县王家河,913,32.4,345,71,38,1,21.5,0,0,1,1,0,0
401,2020/8/21,周至县广济,1228,23.6,236,51,20,1,28.6,4,0,0,0,0,0
402,2013/9/17,长安区蒿沟,1617,37.6,647,86,1,1,26,0,1,1,1,0,0
403,2011/10/17,周至县厚畛子,2256,50,260,82,36,1,20,4,0,0,0,0,0
407,2019/7/26,鄠邑区祖庵,1984,34.1,73,80,28,1.1,14.5,5,0,1,1,0,0
409,2021/7/2,长安区小峪,1357,47.1,441,76,4,1,44.3,2,1,1,1,0,1
412,2017/8/10,灞桥区白鹿塬,846,18.8,110,71,39,0.6,18.4,1,0,1,0,0,0
414,2020/7/31,长安区蒿沟,1451,39.7,202,44,13,0.9,27.6,0,0,1,1,0,0
418,2019/7/26,周至县广济,1590,30.7,11,87,17,0.7,20.7,0,0,0,0,0,0
421,2017/5/18,雁塔区电子城,304,18.9,54,42,26,1,25.9,1,0,1,1,0,0
425,2022/7/31,周至县板房子,1135,30.3,3,90,11,0.6,27.5,0,0,0,0,0,0
428,2014/9/18,灞桥区白鹿塬,809,13.4,74,70,15,0.8,25.2,1,1,0,1,0,0
432,2010/9/22,未央区六村堡,802,15.2,9,40,10,0.7,34.3,1,1,0,0,0,1
433,2014/8/13,灞桥区洪庆,344,11.8,64,42,14,0.9,26.7,1,1,1,0,0,1
435,2010/8/28,阎良区关山,377,19.5,279,30,2,0.6,58,4,0,1,0,0,0
436,2010/10/7,蓝田县玉川,2356,31,872,85,22,0.6,48,2,1,0,0,0,0
437,2012/11/1,高陵区通远,686,18.4,515,58,14,0.9,23.3,4,0,1,1,0,0
443,2018/11/28,蓝田县玉川,1034,32.7,57,90,3,1.2,23.3,3,1,1,1,0,0
446,2014/9/18,蓝田县玉川,1314,44.7,236,52,30,1.1,30.7,5,0,1,1,0,0
447,2019/7/9,蓝田县玉川,1522,33.2,176,73,5,0.7,33.3,3,1,1,1,0,0
449,2012/9/28,周至县板房子,1527,43.3,722,75,19,0.6,42,3,0,0,0,0,0
450,2012/8/3,蓝田县九间房,1529,20,260,72,2,0.7,66.2,5,0,1,0,0,0
451,2013/6/25,长安区小峪,1263,34.3,187,60,9,1.2,14,0,1,1,0,0,0
453,2020/7/16,高陵区鹿苑,386,10,34,67,18,1.2,25.9,4,0,0,0,0,0
456,2012/8/31,蓝田县蓝关,1696,34,12,63,26,1.1,6.6,2,1,1,1,0,1
458,2019/9/6,蓝田县九间房,1849,28.9,320,57,28,1.2,40,0,1,0,0,0,0
459,2015/5/27,临潼区代王,997,26.4,833,30,10,0.7,13,0,0,0,0,0,0
460,2017/2/20,鄠邑区甘河,2125,24.2,173,64,39,0.6,40,4,0,1,0,0,0
461,2015/6/5,长安区引镇,2230,37.7,152,89,37,1,21.1,3,1,0,0,0,0
467,2016/10/4,鄠邑区蒋村,2452,29.1,874,61,34,0.6,22.4,0,0,0,0,0,0
468,2012/9/22,周至县广济,1932,27.7,66,78,2,1.1,10.8,5,0,1,0,0,0
470,2019/9/7,长安区沣峪,1746,33.3,481,80,11,1,37.3,0,1,1,1,0,0
474,2012/9/30,蓝田县蓝关,1852,33.6,508,40,7,1,40,3,1,1,1,0,0
475,2021/6/3,临潼区零口,692,49.6,6,61,15,0.7,36.7,0,1,1,1,0,0
478,2018/8/15,阎良区武屯,575,25.7,379,30,33,0.7,14.5,1,0,1,1,0,0
479,2012/8/18,长安区引镇,966,30,631,40,20,1.1,25,3,0,0,0,0,0
480,2019/7/28,长安区蒿沟,2105,47,9,95,38,0.6,18.7,3,0,1,0,0,0
482,2016/6/30,蓝田县汤峪,869,33.9,200,79,2,1,11.5,3,1,0,1,0,0
484,2019/8/24,未央区六村堡,731,27.1,169,56,39,1.1,20,1,0,0,0,0,1
485,2017/2/3,鄠邑区涝峪,938,27.4,346,64,34,1,41.8,5,0,0,0,0,0
488,2016/7/12,蓝田县九间房,1101,38.3,102,95,3,1.1,41.2,5,1,0,0,0,0
489,2023/8/14,长安区子午峪,1019,36.9,89,73,3,1.2,10.9,0,0,0,0,0,0
493,2013/10/17,鄠邑区蒋村,1013,43.9,486,62,8,1,21.1,3,0,0,0,0,0
496,2013/8/25,长安区蒿沟,2025,32.3,452,77,35,0.7,36.8,3,0,1,0,0,0
497,2017/10/30,周至县厚畛子,820,34.2,90,78,6,0.6,13.5,0,1,1,1,0,0
498,2022/9/6,周至县马召,902,41.1,69,80,3,0.8,15.6,4,1,0,1,0,0
500,2017/9/20,灞桥区洪庆,385,14.7,16,30,22,0.9,28,1,1,1,1,0,0
501,2011/9/11,长安区蒿沟,1953,47.1,361,68,2,0.7,5,3,0,0,0,0,1
503,2023/5/24,长安区子午峪,1094,40.2,1500,55,24,1,16.6,3,0,1,1,0,0
504,2017/5/9,蓝田县汤峪,2242,36.2,17,60,37,0.6,10.1,0,1,0,0,0,0
505,2022/6/2,蓝田县汤峪,1206,31.3,35,95,8,0.6,25,2,1,1,1,0,0
506,2017/5/24,长安区沣峪,1870,35.4,91,56,19,1,22.2,3,0,0,0,0,0
507,2017/9/10,未央区谭家,608,11.6,445,30,21,1,16.2,1,0,0,0,0,0
508,2021/9/7,周至县王家河,1275,31.4,15,68,15,1.1,20,3,0,0,0,0,0
510,2021/9/25,周至县板房子,918,31,102,95,39,1,17.5,5,0,0,0,0,0
511,2019/12/19,未央区谭家,404,22.9,186,30,5,1,9.4,1,1,1,1,0,0
516,2012/9/25,周至县板房子,2099,33,134,95,10,1.1,13.1,3,1,0,0,0,0
518,2016/9/22,周至县厚畛子,2263,39.1,272,40,38,0.6,19.4,5,1,1,1,0,0
519,2022/8/13,灞桥区白鹿塬,591,22.5,566,30,9,1,9.8,1,0,0,0,0,0
523,2014/7/29,雁塔区杜城,901,16.9,63,30,40,1.2,12,1,0,1,1,0,0
524,2021/7/11,长安区沣峪,1025,40.2,91,40,30,1,14,3,1,1,0,0,0
525,2020/9/10,未央区六村堡,800,12.2,447,40,5,0.6,18.2,1,0,1,0,0,1
528,2013/10/31,灞桥区狄寨,566,21.2,375,57,25,0.9,17.4,1,0,0,0,0,0
529,2012/8/19,阎良区新兴,499,15,94,60,9,1.2,24.4,4,0,1,0,0,1
530,2010/7/4,周至县马召,2451,32.9,75,88,11,0.7,33.7,3,0,0,0,0,0
536,2021/7/8,鄠邑区祖庵,2296,36.8,326,40,3,0.9,36.8,0,0,1,0,0,0
537,2023/7/24,灞桥区白鹿塬,926,15.8,578,30,23,0.9,12.7,1,0,0,0,0,0
539,2018/5/13,长安区子午峪,1120,37.3,67,61,36,1.2,16.1,3,0,0,0,0,0
540,2015/7/3,鄠邑区祖庵,2139,33.4,408,40,34,1.2,18.8,0,1,1,0,0,0
542,2022/7/20,灞桥区席王,721,24.1,28,62,12,0.8,32,1,0,0,0,0,0
544,2017/7/14,未央区谭家,323,17.7,533,51,7,0.8,14.8,1,0,0,0,0,1
545,2022/2/5,鄠邑区涝峪,2389,23.2,235,40,40,0.7,38.3,0,0,0,0,0,0
548,2015/10/5,长安区小峪,991,36.8,28,40,40,1,48.3,3,0,1,1,0,0
549,2017/10/24,长安区小峪,1443,33.2,370,40,17,1.1,11.1,0,1,0,1,0,0
551,2018/8/28,长安区蒿沟,1024,33.5,52,40,21,1.1,24.4,2,0,1,0,0,0
554,2010/7/28,阎良区关山,795,12,62,52,33,0.6,14.7,2,0,0,0,0,0
555,2017/11/21,鄠邑区甘河,1508,43.4,213,77,38,0.6,13.6,0,1,1,1,0,0
556,2021/9/10,雁塔区电子城,885,17.4,72,38,11,1.2,12.3,1,0,1,0,0,0
557,2011/10/19,周至县板房子,2202,35.2,333,68,6,1,19,4,1,1,0,0,0
559,2023/8/25,雁塔区曲江,427,21.2,139,52,12,0.7,34.7,0,0,0,0,0,0
561,2017/6/26,蓝田县汤峪,904,44.3,1,94,35,1.2,9.6,2,1,1,0,0,0
562,2018/9/3,周至县王家河,819,33.6,680,91,4,0.8,45,5,0,0,0,0,0
563,2010/5/4,临潼区零口,798,41.3,142,30,35,0.7,19.1,2,1,1,1,0,0
565,2012/6/17,周至县板房子,2265,28.1,253,82,1,0.8,21.8,4,0,0,0,0,0
566,2010/5/17,未央区谭家,745,20.1,78,30,14,1.1,10.3,1,0,0,0,0,0
567,2014/8/17,灞桥区狄寨,860,10,922,63,7,0.8,8.5,1,0,1,1,0,1
568,2013/8/10,鄠邑区祖庵,2053,25.3,309,70,33,0.6,33.8,4,0,1,1,0,0
569,2015/9/20,灞桥区白鹿塬,857,18.2,118,57,21,0.7,25,1,0,1,0,0,0
570,2010/9/22,灞桥区狄寨,609,20.7,330,35,6,0.8,15.7,1,0,0,0,0,0
571,2018/9/24,周至县厚畛子,2306,31.7,542,95,17,1,16,5,1,0,0,0,0
572,2020/9/21,长安区蒿沟,812,25.9,25,70,38,1,21.9,2,1,0,0,0,0
576,2012/8/8,周至县厚畛子,2106,35.3,4,45,16,1.1,28.8,3,0,1,0,0,0
577,2010/5/17,鄠邑区甘河,1926,44.3,170,46,35,0.6,11.4,5,0,1,1,0,0
578,2021/5/9,雁塔区电子城,327,17.1,111,31,9,1.2,28.6,0,0,1,0,0,1
579,2018/8/10,鄠邑区祖庵,1052,27.2,161,91,3,1,11.7,4,0,1,0,0,0
580,2018/9/7,灞桥区白鹿塬,391,20.2,36,30,24,0.8,22.1,1,0,1,0,0,0
585,2012/9/19,临潼区骊山,421,34.6,1437,30,28,1.1,8.7,0,1,0,0,0,0
588,2019/7/7,周至县广济,1846,35.5,48,40,2,1.2,18.5,4,1,1,1,0,0
591,2015/7/30,灞桥区狄寨,506,14.8,53,40,38,1.2,13.8,1,0,1,1,0,0
592,2013/8/24,长安区引镇,1039,43,158,44,28,0.8,40,0,1,0,0,0,0
593,2019/10/4,长安区蒿沟,1887,34.6,624,92,9,1,8.5,2,0,1,1,0,0
594,2019/8/13,长安区太乙宫,2240,45.4,583,40,27,0.6,13.3,0,1,0,0,0,0
596,2021/10/28,雁塔区曲江,942,19.1,154,47,31,1,18.9,0,0,0,0,0,0
597,2017/5/24,未央区谭家,503,21.7,228,70,25,0.6,33.8,1,1,1,1,0,0
600,2013/8/11,临潼区代王,979,34,260,30,25,0.7,17.7,1,0,1,1,0,0
601,2016/5/24,鄠邑区玉蝉,1811,28.3,87,71,37,1.2,17.1,4,0,1,0,0,0
603,2010/9/27,长安区小峪,2442,40.4,156,95,31,0.6,40,2,1,0,0,0,0
604,2016/8/13,蓝田县汤峪,1332,43.7,598,73,33,0.9,34.5,0,0,0,0,0,0
605,2013/8/26,灞桥区白鹿塬,927,10,32,30,2,0.7,47.1,1,0,0,0,0,0
607,2012/7/23,鄠邑区涝峪,1462,37.8,65,67,27,1.1,5.9,0,1,1,1,0,0
610,2011/7/17,周至县板房子,1398,43.5,378,43,35,0.9,15.6,0,0,1,0,0,0
611,2021/6/18,蓝田县葛牌,1108,41.4,23,61,32,1,18.3,0,0,1,0,0,0
612,2013/10/7,蓝田县九间房,2297,26.5,247,40,30,0.8,20.9,3,0,1,0,0,0
613,2019/7/12,灞桥区席王,942,27.8,118,37,10,0.8,11.8,1,0,1,1,0,0
616,2022/8/25,长安区沣峪,972,38.3,517,40,6,1,36.4,2,1,0,1,0,0
618,2018/7/9,长安区太乙宫,1072,44.7,202,40,0,1,13.5,0,1,1,1,0,0
620,2011/7/29,灞桥区狄寨,794,17.1,123,42,38,1,22,1,0,1,0,0,0
621,2021/8/17,雁塔区电子城,644,22.9,29,30,3,0.7,23.6,1,1,0,0,0,1
622,2020/5/4,长安区子午峪,1879,26.4,118,95,28,1,20.7,3,0,1,0,0,0
623,2011/7/23,蓝田县玉川,1116,31.7,423,40,19,0.6,18.1,0,1,0,0,0,0
624,2010/9/17,长安区蒿沟,2196,42.6,332,87,37,1.2,20,0,0,1,0,0,0
626,2014/8/13,蓝田县蓝关,2311,35.2,832,95,11,1.1,12.7,2,1,0,0,0,0
629,2023/3/23,蓝田县葛牌,1621,30,47,92,26,1.1,17.9,5,0,0,0,0,0
630,2010/7/8,长安区小峪,1788,48.5,186,83,32,1.1,15.1,3,0,1,0,0,0
631,2015/7/21,雁塔区杜城,870,22.8,53,60,0,1.2,36,1,0,0,0,0,0
632,2022/4/2,雁塔区杜城,719,10,52,30,14,0.8,11.7,1,1,1,1,0,0
634,2022/9/15,蓝田县蓝关,1237,27,118,95,24,1,28.5,2,0,0,0,0,0
636,2013/7/10,灞桥区白鹿塬,607,17.8,581,41,39,1.2,6.1,1,1,0,0,0,0
637,2014/7/5,高陵区通远,647,17.3,578,51,40,1.2,12,4,0,0,0,0,0
638,2010/7/2,周至县广济,1673,44.1,796,77,24,0.7,40,5,1,0,0,0,0
639,2013/6/22,未央区谭家,474,31.2,353,30,7,0.7,20.7,1,1,1,1,0,0
640,2012/9/22,周至县厚畛子,1190,29,732,54,23,1,40,4,0,0,0,0,0
641,2016/8/13,灞桥区白鹿塬,790,20.2,66,46,8,0.6,6.5,1,0,1,0,0,0
644,2014/8/20,周至县马召,1408,29.2,488,40,21,1.1,24.5,4,0,0,0,0,0
646,2016/5/12,阎良区新兴,350,25.2,34,30,39,0.9,20.6,1,1,1,1,0,1
647,2022/5/29,高陵区耿镇,763,17.4,15,57,24,1,9.2,1,0,0,0,0,0
649,2022/3/30,长安区小峪,1209,28.9,824,95,29,0.9,38.8,3,0,0,0,0,0
651,2022/9/9,灞桥区洪庆,960,15.4,37,30,26,0.7,16.9,1,1,1,0,0,0
653,2016/8/8,周至县马召,1342,42.5,69,63,16,1.2,5.1,4,0,0,0,0,0
658,2016/9/9,蓝田县玉川,1646,41.1,908,54,40,1,16.8,2,1,0,1,0,0
660,2020/8/26,高陵区鹿苑,697,22.5,725,60,10,0.7,32.7,1,0,0,0,0,0
661,2019/9/17,周至县板房子,1635,38,99,50,22,1,11.8,3,0,0,0,0,1
662,2018/5/4,蓝田县蓝关,1791,23.5,34,79,23,0.6,6.9,5,0,0,0,0,0
663,2013/8/22,长安区沣峪,1052,50,996,40,33,1,43.3,3,1,0,0,0,0
664,2019/11/6,蓝田县葛牌,2263,46.8,456,69,40,0.6,20,3,0,1,0,0,0
665,2015/10/11,灞桥区席王,358,29.4,987,51,35,0.8,21.2,1,0,0,0,0,1
667,2022/1/21,蓝田县汤峪,2091,31.5,825,69,14,0.7,11.2,3,0,1,1,0,0
669,2010/9/1,长安区沣峪,1857,36.7,1189,47,11,0.6,8.8,3,0,0,0,0,0
671,2023/7/21,灞桥区席王,368,10.2,32,77,8,0.6,8.7,1,0,0,0,0,1
673,2016/8/20,蓝田县葛牌,2157,46.4,205,82,21,1.2,41,3,1,1,1,0,0
675,2021/9/24,长安区蒿沟,939,27.2,6,79,39,1,24.8,2,0,1,1,0,0
677,2014/9/19,灞桥区席王,963,10,700,30,21,1.2,9,1,1,0,0,0,1
678,2013/9/8,长安区引镇,1328,46.8,517,88,13,1.1,20.5,2,1,0,0,0,0
682,2021/9/22,高陵区通远,491,20.7,103,50,34,1.1,14.3,1,0,0,0,0,0
684,2010/7/4,高陵区耿镇,846,14.5,15,30,4,0.7,48,4,0,1,1,0,0
686,2020/2/20,周至县板房子,2141,21.6,266,40,19,0.7,33.3,4,1,1,1,0,0
687,2017/7/17,灞桥区席王,866,16,556,38,36,1.1,5.4,1,1,0,1,0,0
689,2014/9/7,阎良区武屯,769,21.2,202,50,31,0.7,27.1,2,0,0,0,0,0
692,2017/9/7,灞桥区狄寨,368,18.6,198,32,38,0.8,14.2,1,0,1,1,0,0
694,2021/6/29,蓝田县汤峪,2388,43.4,264,49,24,0.7,7.4,0,1,1,1,0,0
695,2013/8/15,周至县板房子,2219,34.1,20,40,32,1,11.8,0,1,1,1,0,0
696,2016/7/29,灞桥区狄寨,351,21.5,641,40,8,0.8,42,1,1,1,1,0,0
701,2021/11/26,长安区引镇,1070,28.8,558,40,8,0.7,15.3,3,1,1,1,0,0
703,2019/9/27,鄠邑区蒋村,910,24.7,162,40,35,0.7,20,5,0,0,0,0,0
704,2010/10/28,周至县马召,948,32,78,51,25,0.6,80,3,1,1,0,0,0
707,2020/12/11,未央区六村堡,700,19,123,30,18,1.1,36,1,0,0,0,0,0
709,2015/10/30,蓝田县玉川,2436,30.1,327,59,6,0.9,9.7,5,0,0,0,0,0
712,2014/5/15,鄠邑区玉蝉,1334,27.4,397,47,13,0.7,7.7,3,1,0,0,0,0
713,2012/10/2,灞桥区狄寨,801,22.9,134,30,16,0.8,27.3,1,0,1,0,0,0
714,2018/9/20,长安区蒿沟,1461,37.6,22,82,6,1,19.4,0,0,1,0,0,0
715,2019/9/5,蓝田县汤峪,1031,30.7,443,95,18,1.1,50,5,0,0,0,0,0
716,2019/2/3,长安区沣峪,1663,20,125,79,34,0.7,80,3,0,0,0,0,0
718,2016/9/16,长安区子午峪,2413,35.6,128,90,7,1.1,60,0,0,0,0,0,0
720,2017/5/27,长安区引镇,2097,44.2,862,40,12,1.2,19.2,3,0,0,0,0,0
721,2023/10/29,未央区六村堡,911,17,396,35,23,0.6,12.1,1,1,1,1,0,1
722,2018/3/24,周至县王家河,845,28.1,182,52,4,1,14.7,4,1,1,0,0,0
723,2014/9/8,鄠邑区玉蝉,2204,43.1,378,95,18,0.6,12.3,3,0,0,0,0,0
724,2019/6/15,周至县厚畛子,2476,20,2,83,22,1.1,25,4,1,0,1,0,0
729,2013/7/28,长安区太乙宫,1229,41.9,795,52,11,0.7,15,2,1,0,1,0,0
731,2014/9/25,临潼区斜口,412,25.9,269,30,13,1.1,13.3,0,1,0,1,0,1
732,2013/5/1,鄠邑区玉蝉,1411,45.9,140,71,33,0.9,8.1,5,1,1,1,0,0
733,2021/8/28,灞桥区洪庆,734,12.4,68,80,6,1.2,18.9,1,0,0,0,0,1
734,2018/9/15,鄠邑区蒋村,1840,41.9,228,40,17,0.6,20.7,3,1,1,1,0,0
735,2010/9/13,长安区蒿沟,2277,41.2,33,44,36,0.6,17.9,0,0,1,0,0,1
736,2013/7/24,长安区引镇,2086,20,40,75,4,0.8,8.9,0,0,0,0,0,0
737,2021/9/10,高陵区鹿苑,563,10.6,168,30,1,0.8,13.3,1,0,0,0,0,0
743,2010/7/27,周至县王家河,861,48.6,240,53,21,0.9,22.5,4,1,1,0,0,0
744,2015/11/13,灞桥区白鹿塬,667,27.9,902,50,18,1.1,17,1,0,0,0,0,1
746,2014/8/29,临潼区斜口,535,49.8,302,33,34,1.1,36.9,1,1,1,0,0,0
747,2011/7/9,长安区太乙宫,2285,30,966,67,4,1.2,31.2,0,0,0,0,0,0
748,2016/7/14,未央区六村堡,839,23,276,51,35,0.9,24.7,1,0,0,0,0,0
750,2014/10/14,鄠邑区祖庵,2205,33.5,83,63,4,1.2,11.8,0,0,0,0,0,0
751,2015/8/8,临潼区零口,727,36.5,228,30,2,0.8,22.2,2,0,0,0,0,0
752,2021/5/23,周至县板房子,1271,48.7,137,83,17,0.8,10.5,0,1,1,0,0,0
754,2019/9/20,周至县板房子,2362,38.1,447,56,22,0.9,10,5,0,1,0,0,0
756,2013/7/6,未央区谭家,783,20.6,859,30,18,1.1,15.6,1,0,1,0,0,0
757,2013/7/18,鄠邑区玉蝉,1997,50,177,40,36,0.6,25.2,4,0,0,0,0,0
760,2014/8/18,周至县马召,1941,23.8,856,40,38,1,10.7,5,0,1,1,0,0
761,2022/8/25,周至县板房子,1020,41.1,300,76,40,1.2,15.9,4,0,0,0,0,0
762,2020/10/26,蓝田县玉川,2390,42.2,68,53,31,0.6,9.3,5,1,0,0,0,0
763,2017/8/24,蓝田县蓝关,2290,35.6,487,63,2,0.9,11.3,0,0,1,0,0,0
765,2023/5/5,灞桥区洪庆,996,26.3,389,42,21,0.6,10.8,1,1,1,1,0,0
767,2016/5/29,未央区谭家,568,12.4,225,48,34,0.6,14.4,1,1,1,1,0,0
768,2020/9/21,临潼区斜口,575,34,529,30,37,0.7,36.4,0,0,1,0,0,0
770,2013/7/8,鄠邑区甘河,1973,20,23,40,5,0.6,28.5,0,0,0,0,0,1
772,2021/6/6,鄠邑区蒋村,2212,30.5,36,58,12,1.1,66,3,0,1,0,0,0
774,2023/11/12,鄠邑区涝峪,1677,28,282,90,3,1.1,5,4,0,1,1,0,1
775,2010/5/17,蓝田县九间房,2419,49.3,226,78,11,1.2,18.4,3,0,0,0,0,1
778,2012/9/15,灞桥区洪庆,774,24,311,60,16,0.8,10,1,1,0,0,0,0
779,2021/5/21,灞桥区席王,902,21.5,125,49,4,0.8,23.3,1,0,1,0,0,0
780,2021/5/16,周至县板房子,2185,42.8,16,91,17,1.1,18.2,5,0,0,0,0,0
782,2014/10/30,长安区引镇,1418,38.8,152,85,5,1,13.5,0,0,0,0,0,0
783,2017/9/21,雁塔区曲江,918,15.9,1072,36,36,0.9,12.7,0,1,1,1,0,0
785,2012/7/5,雁塔区电子城,725,16.3,173,45,12,0.7,36,0,1,0,0,0,0
786,2017/9/3,鄠邑区蒋村,1574,37.8,215,92,18,0.7,22.2,3,0,0,0,0,0
787,2013/7/27,周至县王家河,1296,37.2,409,73,27,1,39.2,5,0,1,0,0,0
788,2017/7/2,雁塔区曲江,713,18.2,265,30,4,0.8,14.3,1,0,1,0,0,0
789,2012/7/1,临潼区代王,540,37.5,115,30,25,0.8,23,0,0,1,1,0,0
790,2016/7/21,鄠邑区祖庵,2199,27.6,483,52,37,0.9,12.7,5,0,1,0,0,0
793,2023/9/5,灞桥区白鹿塬,829,20.4,292,72,10,1,9.4,1,0,0,0,0,0
795,2018/1/12,灞桥区洪庆,698,20.9,648,69,16,1.2,29.4,1,0,0,0,0,0
796,2018/7/21,周至县厚畛子,1970,45.3,89,95,11,0.7,27.8,4,0,0,0,0,0
798,2018/10/5,周至县板房子,2499,39.2,81,40,16,0.9,14,4,1,1,1,0,0
799,2018/2/4,灞桥区席王,883,12.5,26,56,27,0.7,20,1,1,1,0,0,1
800,2022/9/10,未央区谭家,545,19.9,471,30,30,0.7,11.6,1,0,1,0,0,0
802,2021/9/28,周至县厚畛子,1904,45.8,27,63,1,0.7,20.6,0,1,1,1,0,0
803,2016/7/6,周至县广济,2328,43.8,221,71,8,0.7,18.1,4,1,0,0,0,0
805,2017/10/19,灞桥区狄寨,773,24.8,98,65,21,1,13.5,1,1,1,0,0,0
806,2022/11/9,蓝田县蓝关,2184,26.9,245,71,6,1,23.6,3,0,0,0,0,0
809,2017/5/20,长安区蒿沟,1134,39.9,167,59,12,1,8.7,3,0,1,1,0,0
812,2012/8/4,鄠邑区涝峪,2246,22.6,112,87,10,0.9,22.5,5,0,0,0,0,0
813,2019/7/15,临潼区零口,313,45.6,683,30,38,0.7,26.7,0,1,1,1,0,0
814,2020/8/19,未央区未央宫,628,19.2,17,38,8,0.7,19,1,1,0,1,0,0
815,2017/8/6,周至县厚畛子,1933,32.2,90,40,7,1,9.1,3,0,1,1,0,0
816,2010/1/27,未央区六村堡,920,25.9,825,68,3,0.7,48.3,1,1,0,0,0,0
817,2023/8/8,周至县王家河,1862,33.6,702,85,36,0.8,40,0,0,0,0,0,0
821,2010/9/10,蓝田县蓝关,2320,32,83,61,1,0.8,30.9,3,1,1,0,0,0
822,2012/8/2,长安区引镇,2416,28.2,244,40,19,0.9,10.4,0,1,1,1,0,0
824,2019/8/13,周至县马召,2006,32.3,22,59,20,0.7,18.5,5,0,1,1,0,0
829,2014/9/21,灞桥区白鹿塬,834,20.6,57,30,6,0.6,28.3,1,0,0,0,0,1
830,2014/3/20,高陵区通远,721,22.3,343,30,8,1.1,28,4,0,1,1,0,0
833,2018/9/9,长安区蒿沟,954,26.6,12,52,20,1.1,21.9,3,0,1,1,0,0
834,2020/8/23,长安区太乙宫,2179,36.1,375,70,13,0.6,20,3,1,1,1,0,0
835,2020/4/20,长安区引镇,2228,49.5,134,40,2,0.9,22.2,0,0,1,1,0,0
837,2015/6/7,灞桥区洪庆,950,27.4,515,69,3,1,13.8,1,0,0,0,0,0
839,2019/11/26,临潼区骊山,676,32,203,36,12,0.8,14.5,0,1,1,1,0,0
842,2015/7/16,鄠邑区蒋村,1915,35.4,61,72,12,1,18.6,0,0,0,0,0,0
843,2012/7/12,长安区引镇,1823,28.7,128,76,26,0.6,31.8,3,0,1,1,0,0
844,2016/8/5,周至县板房子,2225,40.2,564,76,14,0.9,39.5,3,1,0,0,0,1
846,2017/7/4,临潼区代王,839,33.8,246,30,15,1.2,14.3,1,1,1,1,0,0
847,2020/7/7,长安区小峪,1316,38.6,106,87,14,1,17,2,1,1,1,0,0
848,2020/10/6,阎良区新兴,435,18.5,92,74,0,0.7,24.8,4,0,0,0,0,0
849,2019/7/2,蓝田县九间房,1621,33.8,223,68,32,1.2,38.6,2,1,0,0,0,0
850,2010/8/7,长安区子午峪,1773,44,492,61,10,0.7,28.6,2,0,0,0,0,0
852,2012/6/20,临潼区代王,955,37.5,55,47,17,0.6,33.1,0,1,1,0,0,0
853,2017/9/21,周至县广济,2390,44.1,306,90,12,0.6,11.1,0,1,0,1,0,0
856,2018/7/19,阎良区武屯,720,16.8,514,43,4,1,5,2,0,0,0,0,0
857,2016/7/31,鄠邑区玉蝉,1714,49.5,416,95,10,1.1,12.3,5,0,0,0,0,0
858,2013/11/8,阎良区关山,485,20.2,1500,80,40,1.2,32.2,2,0,0,0,0,0
859,2011/8/8,蓝田县九间房,2135,25.1,694,40,25,1.2,5,2,0,0,0,0,0
861,2015/2/28,长安区沣峪,2081,50,18,51,19,0.6,14.4,2,1,1,0,0,0
864,2014/9/16,周至县马召,1043,44.5,961,94,35,0.7,11.4,4,0,0,0,0,0
865,2019/8/28,蓝田县葛牌,1589,36.3,666,55,13,0.8,65.5,0,1,0,0,0,0
866,2013/10/15,鄠邑区涝峪,1849,44.2,394,77,21,0.9,28.6,5,0,0,0,0,0
875,2021/9/3,蓝田县葛牌,1573,43.4,54,79,0,1.1,60,2,1,0,0,0,0
876,2020/7/25,灞桥区席王,805,15.4,463,63,37,1.1,36.7,1,0,0,0,0,1
877,2023/7/5,长安区小峪,1785,21.1,159,71,35,1.1,16.2,2,0,0,0,0,0
879,2011/8/19,阎良区武屯,421,13.2,509,30,28,0.8,14.5,4,0,0,0,0,1
880,2018/9/15,鄠邑区蒋村,2469,32.2,578,76,2,0.7,25.6,3,1,1,0,0,0
884,2015/8/16,蓝田县九间房,971,28.6,423,64,20,1.2,14.5,3,0,1,1,0,0
889,2011/9/27,雁塔区电子城,534,13.6,1500,58,0,0.7,31.7,0,0,0,0,0,1
890,2013/8/2,蓝田县汤峪,2066,38.6,782,91,20,0.6,15.3,5,0,1,1,0,1
892,2021/8/29,周至县板房子,1918,44.2,286,86,25,0.6,11.7,0,0,1,0,0,0
893,2014/10/19,未央区未央宫,510,20.5,212,71,19,1,22.1,1,0,0,0,0,0
894,2018/10/15,周至县板房子,2484,32.5,773,44,22,1.1,20.6,0,1,1,1,0,0
896,2023/5/22,鄠邑区涝峪,971,33.7,774,46,22,0.6,34,0,0,1,1,0,0
897,2021/9/5,周至县王家河,1134,46.3,55,59,19,1,16.9,5,0,1,0,0,0
898,2010/8/23,蓝田县汤峪,833,26.9,379,44,22,1.2,21.8,0,1,0,0,0,0
899,2020/8/17,蓝田县玉川,1251,32,1014,95,21,1.2,7.5,0,0,0,0,0,0
901,2016/9/9,灞桥区白鹿塬,441,18.2,121,30,31,1.1,24.8,1,1,1,1,0,0
902,2018/9/6,蓝田县汤峪,1468,36.3,104,81,32,1.2,57.9,3,0,1,1,0,0
904,2023/10/6,周至县广济,2113,27.1,341,76,13,1,23.7,4,0,1,0,0,0
905,2019/9/23,临潼区骊山,450,33.3,26,36,10,0.8,14,0,0,1,1,0,1
907,2012/7/16,鄠邑区蒋村,1241,20.4,556,41,24,0.7,5.6,4,0,0,0,0,0
909,2016/10/9,灞桥区席王,745,12.1,50,69,34,0.7,11.3,1,0,0,0,0,0
910,2011/8/20,鄠邑区涝峪,2084,46.4,696,63,35,1,25,5,0,0,0,0,0
912,2016/5/6,灞桥区狄寨,354,28.6,858,30,9,1.1,17.1,1,0,1,0,0,1
915,2012/9/12,蓝田县汤峪,1725,34.3,389,44,36,1.1,30.3,3,1,1,1,0,0
916,2021/5/7,长安区子午峪,1046,31.3,605,42,29,0.6,13.6,3,1,0,0,0,0
917,2019/9/26,雁塔区杜城,349,21.6,174,30,7,1.2,23.5,1,0,0,0,0,0
920,2022/10/5,长安区太乙宫,2433,30.4,37,89,25,1,17.6,2,1,1,1,0,0
921,2022/10/1,长安区蒿沟,1489,25.3,268,40,4,1.2,9.9,2,0,0,0,0,0
924,2021/8/20,周至县王家河,845,29.9,644,88,17,1.2,22.2,5,0,1,0,0,0
925,2010/9/24,蓝田县蓝关,2296,34.7,510,90,15,0.7,9.9,2,1,0,0,0,0
926,2013/9/23,临潼区骊山,430,47.7,94,58,31,0.8,10.8,0,1,1,0,0,1
929,2013/6/9,高陵区通远,924,18.8,510,30,4,1.2,30,4,0,0,0,0,0
939,2016/9/9,鄠邑区祖庵,977,34,114,40,31,1,56,0,1,1,0,0,0
943,2013/9/27,鄠邑区祖庵,2066,41.5,82,40,1,0.8,20.7,3,1,1,0,0,0
948,2010/7/16,长安区沣峪,1837,31.7,57,95,15,1.1,22.2,0,0,0,0,0,0
949,2014/9/29,临潼区骊山,657,36.7,18,30,29,0.8,15.9,0,0,1,0,0,0
950,2018/10/23,蓝田县玉川,1342,34.5,1054,71,26,1.1,16.6,0,0,1,1,0,0
952,2011/5/21,蓝田县蓝关,2329,34.8,255,87,17,0.8,32.1,5,1,1,1,0,0
953,2015/6/11,灞桥区白鹿塬,480,22.9,491,45,37,1.2,54,1,1,1,1,0,1
954,2017/12/17,长安区子午峪,814,41.5,13,40,16,0.6,32.9,0,1,1,1,0,0
955,2010/7/16,临潼区斜口,426,40.6,27,30,1,1.2,11.6,2,1,0,1,0,0
957,2013/8/28,灞桥区白鹿塬,528,25.2,614,30,36,1.2,21.4,1,1,0,0,0,0
959,2017/6/4,灞桥区洪庆,369,17.8,83,56,15,1.2,14.8,1,0,1,0,0,1
961,2011/8/14,临潼区零口,965,37.7,557,51,7,1.2,11.6,0,1,0,1,0,1
963,2022/9/1,长安区沣峪,1693,30.4,196,55,0,0.8,11.3,0,1,0,0,0,0
965,2016/6/14,灞桥区白鹿塬,770,19.8,954,30,37,0.6,30,1,0,0,0,0,0
966,2018/5/17,蓝田县蓝关,2476,29.2,20,66,26,0.6,30.2,5,0,1,0,0,0
967,2021/9/20,周至县板房子,1796,33.5,583,40,9,0.7,16.7,5,1,1,1,0,0
968,2014/5/16,鄠邑区玉蝉,1526,37.7,79,40,12,0.7,25.4,5,1,0,0,0,0
970,2019/7/14,雁塔区杜城,587,17,418,36,23,0.9,26.2,1,0,1,0,0,0
973,2018/8/28,长安区沣峪,871,36.3,154,40,21,1.2,7.7,0,1,1,1,0,0
975,2019/10/2,鄠邑区甘河,1406,47.3,1163,45,23,0.6,14.6,0,0,1,0,0,0
977,2020/3/22,蓝田县葛牌,958,36,949,93,34,0.8,14.4,3,1,1,0,0,0
978,2020/8/11,长安区引镇,1741,25.8,30,92,27,0.9,35.6,0,0,0,0,0,0
979,2019/9/20,灞桥区狄寨,743,14,172,59,4,1.2,11.1,1,1,0,0,0,0
980,2011/10/11,蓝田县蓝关,1009,50,1078,85,18,0.9,51.7,2,1,0,0,0,0
982,2018/8/6,蓝田县蓝关,1033,44.4,567,40,12,1.2,12.2,2,0,0,0,0,0
984,2019/7/24,临潼区代王,422,32,520,47,21,1.1,7.1,1,1,0,0,0,0
985,2023/7/2,鄠邑区甘河,984,48.9,96,95,18,1.2,16.4,4,0,1,0,0,0
987,2011/7/7,临潼区骊山,641,40,50,80,11,0.7,51.3,0,1,1,1,0,0
988,2014/10/20,鄠邑区祖庵,1797,44.4,545,40,35,1.2,78,0,0,1,1,0,0
989,2013/9/21,未央区谭家,926,13.9,520,55,14,0.6,12.3,1,0,0,0,0,1
991,2012/12/24,鄠邑区涝峪,2396,50,41,40,36,0.7,23.8,0,1,0,0,0,0
992,2017/7/28,长安区蒿沟,1520,29.3,570,58,19,0.8,7.6,0,0,0,0,0,0
993,2011/8/8,长安区引镇,1283,46.3,30,53,22,1,17.8,3,0,0,0,0,0
994,2018/1/3,临潼区骊山,914,29.2,141,80,38,0.9,49.1,0,0,1,1,0,0
995,2022/9/12,长安区太乙宫,1833,45.3,38,81,7,0.9,16,3,0,1,0,0,0
997,2023/9/22,周至县马召,1040,24.3,167,86,14,1,20,0,0,0,0,0,0
998,2012/8/12,周至县板房子,1975,42.9,112,40,4,0.7,25,4,1,1,0,0,0
999,2014/8/21,长安区蒿沟,905,40.9,636,95,10,0.8,34.4,2,0,0,0,0,0
1001,2011/12/22,阎良区关山,690,24.5,158,35,38,1.1,34,2,0,0,0,0,0
1002,2021/1/9,雁塔区电子城,438,21.7,579,41,8,1.2,13.5,1,0,0,0,0,1
1003,2017/6/26,临潼区零口,916,28.5,24,30,19,0.8,41.5,1,0,0,0,0,0
1004,2019/10/30,未央区谭家,794,21.2,113,30,30,0.7,30.6,1,0,1,0,0,0
1006,2020/9/18,鄠邑区蒋村,2286,32.9,1073,95,5,1.2,36,5,1,0,0,0,0
1007,2022/9/29,高陵区耿镇,408,20.9,92,30,30,0.8,15.4,1,0,0,0,0,1
1008,2014/6/20,周至县广济,1230,42.4,115,57,28,0.6,37.8,3,1,0,0,0,0
1009,2018/6/26,鄠邑区玉蝉,1166,40.8,457,42,3,0.7,25.9,4,1,0,0,0,0
1010,2023/7/18,未央区六村堡,904,22.6,1385,42,26,0.7,18.7,1,0,0,0,0,0
1012,2015/9/18,蓝田县汤峪,1091,31.5,253,47,24,0.7,12.1,0,1,1,1,0,0
1013,2023/8/2,长安区子午峪,2391,39.4,435,78,30,1.2,8.2,0,1,1,0,0,0
1014,2020/12/29,蓝田县蓝关,1693,31.8,1369,80,26,0.9,8.6,5,1,0,0,0,0
1015,2011/8/21,周至县板房子,803,32.5,187,90,34,0.7,38.3,5,1,0,1,0,0
1018,2015/8/10,灞桥区白鹿塬,680,21.1,452,46,16,0.7,12.8,1,0,1,0,0,0
1022,2018/6/8,鄠邑区玉蝉,2432,45,824,91,39,1.1,11.7,4,0,0,0,0,0
1023,2017/12/22,临潼区代王,320,43.2,51,50,6,1.2,36.9,2,1,0,1,0,0
1028,2014/9/21,蓝田县汤峪,962,30.2,71,63,5,0.6,15.4,3,0,0,0,0,0
1031,2015/5/17,临潼区骊山,584,50,409,32,10,1.2,17.8,0,1,1,1,0,0
1032,2011/9/17,鄠邑区蒋村,2145,30.9,246,40,12,1.1,13,4,0,1,0,0,0
1035,2014/7/21,周至县广济,1143,28.5,1103,40,8,0.9,6.9,0,1,1,1,0,0
1036,2015/9/11,长安区引镇,1233,45.9,59,60,4,1,17,0,1,1,1,0,0
1039,2015/8/21,蓝田县玉川,913,33.2,212,80,23,0.6,18.9,5,0,1,0,0,0
1040,2019/7/22,鄠邑区祖庵,1807,37.6,812,40,27,0.6,22.9,5,1,0,1,0,0
1041,2016/5/12,长安区子午峪,1429,25.8,244,83,35,1.2,14.2,3,0,1,0,0,0
1042,2010/8/15,未央区未央宫,478,11.3,860,31,13,0.9,11.2,1,0,0,0,0,1
1043,2015/8/31,鄠邑区玉蝉,2022,33.1,294,40,20,1.1,60,0,1,1,0,0,0
1050,2011/8/27,灞桥区狄寨,641,26.8,20,30,11,1,38.5,1,1,1,1,0,0
1051,2012/5/21,灞桥区洪庆,888,23.2,63,30,26,1,21.7,1,1,0,0,0,0
1053,2021/9/21,高陵区鹿苑,689,22.1,16,30,6,1.1,23.1,4,0,1,0,0,1
1054,2018/10/15,蓝田县汤峪,1474,29.9,718,63,26,0.9,18.4,5,1,1,1,0,0
1056,2017/8/9,鄠邑区涝峪,980,36.3,562,44,14,0.9,16,5,1,1,1,0,0
1057,2011/9/11,鄠邑区甘河,1075,22.5,239,74,25,0.6,37.1,5,0,1,0,0,0
1059,2011/6/6,高陵区耿镇,473,10.6,45,65,35,0.8,56.9,4,0,0,0,0,1
1060,2022/6/4,灞桥区席王,532,28.4,135,45,15,0.9,7.4,1,0,0,0,0,0
1061,2017/10/26,鄠邑区玉蝉,2051,42.4,88,74,19,0.7,27.6,3,0,1,0,0,0
1062,2011/7/29,临潼区斜口,706,30.8,56,30,18,0.8,36.4,0,0,1,1,0,0
1063,2022/9/10,临潼区斜口,913,29.9,719,68,17,0.9,5,2,1,1,0,0,1
1065,2014/3/31,灞桥区狄寨,879,10.4,833,48,20,1.2,19.1,1,0,0,0,0,0
1066,2016/8/16,临潼区代王,782,25.1,19,30,34,0.7,33.3,0,0,0,0,0,0
1067,2022/7/15,周至县厚畛子,2110,35.8,18,70,26,0.8,11.8,5,0,0,0,0,0
1068,2015/7/5,鄠邑区涝峪,1900,40.4,974,40,4,0.6,22.2,0,0,1,1,0,0
1069,2010/5/3,周至县王家河,1453,39.3,958,58,36,0.8,10,3,0,0,0,0,0
1070,2011/12/17,蓝田县葛牌,1092,36.5,132,53,35,0.7,17.1,3,0,1,1,0,0
1072,2011/9/15,周至县王家河,1979,31.3,614,72,6,1,53.8,5,1,0,1,0,0
1074,2020/8/7,灞桥区席王,627,17.5,1416,59,2,1,24,1,0,0,0,0,0
1075,2013/6/6,阎良区关山,638,20.9,1290,30,19,1,10.2,1,1,0,0,0,0
1076,2011/10/4,长安区蒿沟,1596,32.9,58,40,35,0.9,13.8,2,0,1,0,0,0
1077,2012/2/1,蓝田县汤峪,2065,42,870,69,35,0.7,22.8,2,1,0,0,0,0
1078,2019/9/21,鄠邑区甘河,1976,41,72,79,26,0.8,12.5,4,1,1,1,0,0
1079,2013/10/21,蓝田县蓝关,2463,35.6,413,70,12,1.1,22.5,3,0,0,0,0,0
1081,2022/8/7,灞桥区狄寨,405,22.3,596,71,9,1.2,20,1,0,0,0,0,0
1082,2015/9/8,蓝田县九间房,807,20.7,66,68,10,1.2,20.9,2,0,1,1,0,0
1085,2011/5/10,长安区沣峪,1562,40.3,177,76,16,1.2,40,2,0,1,0,0,0
1086,2022/10/12,长安区太乙宫,1641,29.3,441,93,7,1.1,7.7,2,0,0,0,0,0
1087,2021/8/25,灞桥区席王,636,24.6,643,51,30,1.1,12.3,1,1,0,0,0,0
1088,2020/5/5,未央区谭家,800,22.5,612,38,30,0.7,30,1,1,0,1,0,0
1089,2022/10/8,鄠邑区祖庵,1717,32.5,68,50,30,0.9,8.2,5,0,1,1,0,0
1090,2018/7/6,长安区子午峪,1447,29.5,658,95,33,0.9,15.4,0,0,0,0,0,0
1091,2022/10/15,长安区子午峪,2405,45.8,6,51,9,1.2,11.4,3,0,0,0,0,0
1092,2018/9/2,周至县广济,973,50,188,46,31,0.6,40,5,0,1,1,0,0
1094,2018/6/21,未央区六村堡,900,26.8,506,46,18,1.2,19.3,1,1,0,1,0,1
1096,2019/10/28,蓝田县葛牌,2046,36.3,362,52,1,0.8,25,2,0,1,0,0,0
1097,2018/12/4,长安区沣峪,1310,32,87,40,14,1,11.8,0,0,1,0,0,0
1100,2020/8/23,周至县马召,1265,21.6,79,93,11,0.9,9.2,5,0,0,0,0,1
1101,2017/8/3,高陵区耿镇,657,26.4,335,61,33,0.9,34,4,0,0,0,0,0
1103,2012/10/31,灞桥区白鹿塬,536,27.5,78,30,35,1.2,20,1,0,1,1,0,0
1104,2013/9/8,周至县厚畛子,1115,26.1,87,57,28,1.1,11,4,0,1,0,0,0
1109,2023/8/9,未央区未央宫,429,20.2,467,55,18,1.1,21.1,1,0,1,1,0,1
1110,2023/4/15,长安区小峪,905,46.6,192,89,1,1,21.3,0,0,1,1,0,0
1112,2010/5/27,蓝田县玉川,1447,36,688,91,36,0.7,10.7,0,1,0,0,0,0
1113,2014/6/14,周至县板房子,964,30.9,71,86,36,1.1,14.2,4,0,1,0,0,0
1114,2023/10/24,未央区六村堡,616,29.6,836,61,20,1,20,1,0,0,0,0,0
1116,2018/8/2,高陵区鹿苑,817,19.8,8,48,19,0.6,20,1,0,1,0,0,0
1118,2019/9/12,雁塔区电子城,868,18.3,431,34,38,1,14.8,1,1,0,0,0,0
1119,2019/9/14,蓝田县蓝关,2191,29.6,492,77,10,0.8,41.1,3,0,0,0,0,0
1120,2021/7/4,周至县王家河,1036,47.6,859,89,25,0.9,19,4,0,0,0,0,0
1121,2021/6/23,长安区沣峪,2366,38.3,1484,46,8,1.1,23.3,3,1,0,1,0,0
1123,2013/6/1,蓝田县蓝关,2369,20,111,88,6,0.9,13.9,5,0,0,0,0,0
1124,2014/9/26,蓝田县葛牌,2283,34.1,253,56,29,1.1,18.2,5,0,1,0,0,0
1129,2022/9/10,周至县马召,2260,37.6,133,95,23,0.6,17.4,5,1,1,1,0,0
1130,2020/6/25,蓝田县玉川,1905,29.4,892,73,35,0.9,16.3,0,0,0,0,0,0
1132,2017/10/20,临潼区代王,757,36,69,59,16,0.9,15.7,2,1,1,0,0,0
1134,2015/3/19,蓝田县九间房,2324,49.8,594,85,40,0.9,22.1,0,0,1,1,0,0
1138,2019/7/2,长安区沣峪,2488,47.9,537,60,2,0.6,10.2,3,1,1,0,0,0
1139,2018/9/5,蓝田县汤峪,2432,23.8,564,57,12,1.2,20.6,3,0,0,0,0,0
1141,2011/7/15,雁塔区电子城,922,13.9,145,30,20,1.1,12.2,0,1,0,1,0,1
1142,2022/8/17,长安区蒿沟,1700,27.5,941,40,19,0.9,14.8,2,1,1,0,0,0
1143,2010/11/9,未央区未央宫,889,28.5,139,30,12,1.2,14.4,1,0,0,0,0,0
1144,2020/7/28,周至县广济,1079,20.8,117,95,25,1.1,8.3,5,0,0,0,0,0
1148,2012/10/17,长安区太乙宫,983,42.5,147,48,0,0.7,26.9,2,1,1,0,0,0
1150,2022/11/20,鄠邑区蒋村,1370,20,41,55,9,0.8,14.3,3,0,0,0,0,0
1152,2023/5/3,长安区引镇,824,36.3,159,48,8,0.8,16.5,3,1,1,1,0,0
1154,2016/10/7,蓝田县葛牌,975,33.1,642,53,13,0.6,19.4,3,0,0,0,0,0
1155,2012/8/31,周至县王家河,1276,24.5,527,95,33,1.1,9.6,5,0,0,0,0,0
1159,2011/9/26,长安区蒿沟,914,29.7,60,65,35,0.6,24.3,0,0,1,0,0,0
1161,2022/3/29,临潼区零口,992,44.4,1301,80,15,1.1,33.3,2,1,1,0,0,0
1162,2016/11/6,高陵区通远,913,14.7,203,39,30,1,23.7,4,0,1,0,0,0
1163,2011/9/7,临潼区斜口,638,33.8,1227,30,22,1.1,17.1,2,1,1,1,0,0
1165,2015/8/17,灞桥区狄寨,979,16,531,30,0,1,19.4,1,1,0,0,0,0
1167,2017/8/25,长安区子午峪,1037,28.4,173,94,13,0.9,7.8,3,0,0,0,0,0
1174,2013/10/16,临潼区斜口,317,25.6,698,49,40,1.2,12.2,2,1,0,0,0,1
1175,2020/10/15,雁塔区曲江,310,25,75,48,7,1,14.7,0,0,0,0,0,0
1176,2021/8/22,灞桥区白鹿塬,543,10,174,61,38,0.6,14.7,1,1,1,0,0,0
1178,2022/6/9,未央区六村堡,565,25.3,254,80,17,0.7,22.1,1,0,0,0,0,0
1179,2019/9/9,蓝田县蓝关,1009,31.3,61,85,12,0.9,11.5,2,0,1,1,0,0
1181,2015/10/18,临潼区骊山,950,28.8,541,35,0,1,14.6,1,0,0,0,0,0
1182,2016/8/7,灞桥区狄寨,917,22.4,359,59,29,1.1,20.8,1,0,1,0,0,0
1184,2016/6/24,灞桥区白鹿塬,993,25.4,216,55,30,0.7,30,1,0,0,0,0,0
1187,2015/8/19,周至县厚畛子,1585,36,625,54,10,1,19,3,1,0,1,0,0
1192,2019/8/2,蓝田县蓝关,2308,42.5,50,45,10,0.6,18.3,5,1,1,1,0,0
1193,2018/11/2,长安区沣峪,1446,41.4,270,70,25,1,35.3,2,0,0,0,0,0
1194,2016/8/19,长安区小峪,1607,22.1,203,93,37,1.2,21.4,3,0,0,0,0,0
1195,2019/9/25,周至县板房子,1132,42.8,5,42,40,1.1,50,0,1,0,1,0,0
1196,2022/12/2,长安区引镇,2438,40.4,158,40,36,0.6,10.9,2,1,0,0,0,0
1199,2022/9/22,阎良区新兴,927,22.4,31,30,27,0.6,20,4,0,1,0,0,0
1203,2010/10/5,灞桥区狄寨,647,13,554,77,0,1.2,7,1,1,0,0,0,0
1204,2021/5/23,长安区小峪,1844,31.1,646,43,23,0.6,20.7,2,1,0,1,0,0
1211,2014/9/6,灞桥区席王,894,22.8,83,47,28,1,20,1,1,0,1,0,0
1212,2010/10/11,临潼区骊山,410,25.1,423,30,35,0.7,11,2,0,0,0,0,1
1213,2023/6/23,周至县厚畛子,1493,32.7,473,81,35,0.9,15.4,4,0,0,0,0,0
1214,2015/7/21,灞桥区洪庆,590,14.5,595,34,5,0.9,56,1,1,0,0,0,0
1216,2018/6/14,蓝田县汤峪,2236,35.8,113,41,33,1,21.2,0,1,1,0,0,0
1218,2016/8/2,周至县厚畛子,2227,42.1,436,95,30,0.8,30.7,3,0,1,0,0,0
1219,2012/3/7,蓝田县九间房,1568,39.3,4,86,40,1.1,13.8,2,0,0,0,0,0
1221,2018/7/5,未央区谭家,425,20.2,606,53,32,0.6,38,1,0,0,0,0,0
1227,2010/10/29,蓝田县汤峪,2283,29.8,202,40,35,0.7,40,5,0,0,0,0,1
1228,2011/9/13,蓝田县蓝关,1202,44.1,15,92,23,1.1,16.7,5,0,0,0,0,0
1233,2018/9/15,阎良区关山,901,18,531,30,31,0.7,26,2,0,1,0,0,0
1235,2019/9/16,临潼区斜口,479,31.7,10,30,19,1.2,27.1,0,1,0,1,0,1
1237,2015/7/17,周至县马召,1278,29.3,132,69,33,1.2,12,3,1,0,0,0,0
1238,2023/5/1,周至县马召,2271,20,378,86,1,1.1,17.6,0,0,1,1,0,0
1239,2022/7/15,周至县王家河,2488,36.2,115,40,23,1,14.6,5,1,1,1,0,0
1240,2023/6/11,蓝田县葛牌,931,20,546,64,39,1.2,16.7,2,0,1,1,0,0
1241,2018/9/12,高陵区鹿苑,810,12.5,123,30,35,0.7,30.5,1,0,1,1,0,0
1243,2012/8/19,鄠邑区蒋村,992,36.9,44,40,39,0.7,18.2,5,1,1,1,0,0
1249,2023/8/13,长安区沣峪,1025,40.1,185,49,34,0.6,40,3,0,0,0,0,0
1251,2017/7/10,周至县广济,985,20.4,208,95,10,1.1,14.8,3,1,1,1,0,0
1252,2010/6/8,周至县板房子,1846,50,467,72,11,1.2,30.8,4,0,0,0,0,0
1253,2019/9/22,长安区引镇,1107,35.9,126,95,8,0.6,33.3,0,1,0,0,0,0
1255,2017/7/15,周至县厚畛子,1054,44.8,291,95,19,0.7,11.3,4,0,0,0,0,0
1257,2017/5/10,周至县马召,2115,49,103,45,38,0.9,27.7,0,1,1,1,0,0
1258,2021/7/22,未央区未央宫,500,13.2,183,36,34,1,37.5,1,0,0,0,0,0
1261,2016/6/27,灞桥区狄寨,465,21,632,52,11,1,10.4,1,0,0,0,0,0
1262,2019/9/9,周至县王家河,1540,39.8,301,51,37,1,29.2,3,0,0,0,0,0
1263,2022/7/9,长安区子午峪,2159,36.3,41,80,21,0.7,22.2,2,0,0,0,0,0
1266,2022/8/11,蓝田县九间房,2171,20,640,71,31,0.9,24.2,0,0,0,0,0,0
1267,2021/7/6,长安区沣峪,1824,33,168,93,23,1.1,15,2,0,1,0,0,0
1269,2015/7/8,灞桥区狄寨,708,24.6,236,57,37,0.9,35,1,0,1,0,0,0
1270,2018/9/5,临潼区代王,452,39.9,98,68,12,1.2,33.4,1,1,1,1,0,0
1273,2020/8/8,长安区小峪,1384,37.9,10,95,0,1.1,15.1,3,0,1,0,0,0
1274,2012/9/25,未央区六村堡,746,17.8,423,52,19,1.2,32,1,0,0,0,0,0
1276,2020/8/21,临潼区零口,526,44.4,30,46,18,0.8,22.8,0,1,1,1,0,0
1278,2021/8/14,灞桥区洪庆,939,16.5,31,30,28,0.8,16.9,1,0,1,0,0,0
1280,2018/10/29,蓝田县九间房,2266,38.2,613,40,5,0.7,26.3,5,1,1,0,0,0
1282,2011/9/22,雁塔区曲江,539,21.5,21,38,6,0.9,28,0,0,1,0,0,0
1285,2011/8/7,蓝田县汤峪,1086,28.9,571,95,16,0.9,20,5,0,0,0,0,0
1286,2023/12/8,蓝田县蓝关,2163,30.1,15,45,16,1.1,22.2,5,1,1,1,0,0
1287,2021/9/8,周至县马召,2259,20,60,88,30,1.2,8.9,3,0,0,0,0,0
1288,2022/8/5,长安区太乙宫,2253,32,403,93,20,0.8,36.8,3,1,0,0,0,0
1291,2014/2/13,长安区蒿沟,2089,23,13,92,23,1.1,10.3,0,0,0,0,0,0
1292,2021/9/16,灞桥区狄寨,576,10,267,40,9,0.9,5.9,1,1,1,0,0,0
1293,2016/9/13,长安区太乙宫,1620,27.9,875,80,26,0.7,15.4,3,0,0,0,0,0
1298,2018/8/26,蓝田县玉川,2069,36.8,1310,40,27,0.8,14.7,2,1,0,0,0,0
1300,2017/10/4,临潼区零口,604,22.6,9,39,2,1,38.9,0,0,1,0,0,0
1301,2011/9/14,临潼区斜口,507,41.8,693,30,17,1.1,64.8,1,1,1,0,0,1
1302,2011/8/6,蓝田县葛牌,1493,26.3,27,40,27,0.8,67.1,3,0,0,0,0,0
1303,2018/9/11,雁塔区电子城,719,12.1,84,36,4,1.1,16,1,0,0,0,0,0
1304,2019/10/15,鄠邑区蒋村,1495,42.1,234,92,11,0.6,19,3,1,0,1,0,0
1308,2016/9/10,雁塔区杜城,825,19.6,128,45,10,1.2,24,1,1,1,0,0,0
1309,2021/10/4,长安区沣峪,1874,31.8,17,81,26,0.8,35,2,0,0,0,0,0
1310,2020/2/9,鄠邑区蒋村,1804,31.2,1321,84,27,1,44,0,1,1,1,0,0
1311,2018/8/12,未央区未央宫,991,31,11,41,17,0.6,36,1,0,1,0,0,0
1312,2019/9/11,长安区小峪,2093,36.5,1500,68,39,0.9,27.7,3,0,0,0,0,0
1314,2016/7/4,长安区太乙宫,2373,32,118,95,7,0.8,16.5,2,1,0,0,0,0
1315,2010/4/6,蓝田县汤峪,869,28.4,368,40,3,0.6,26.7,0,0,0,0,0,0
1317,2015/5/7,灞桥区狄寨,851,25.6,113,30,25,0.6,56.7,1,1,0,1,0,0
1318,2012/8/8,未央区六村堡,933,13.9,144,41,6,0.8,28.3,1,1,1,1,0,0
1319,2017/8/14,鄠邑区祖庵,903,37.1,357,71,14,0.8,11.4,4,0,0,0,0,0
1325,2012/8/17,周至县板房子,1149,20.6,556,92,21,1.1,11,0,0,1,1,0,0
1326,2011/2/21,灞桥区洪庆,525,14.1,1,30,32,0.9,23.8,1,0,0,0,0,1
1327,2018/9/5,蓝田县蓝关,2033,34.4,39,40,22,1.1,51.7,5,0,1,1,0,0
1330,2022/10/26,灞桥区狄寨,566,20.5,315,30,2,1.2,20,1,1,1,1,0,0
1331,2013/5/9,蓝田县玉川,1664,25.4,273,83,38,1,12.3,3,0,1,1,0,0
1332,2020/7/10,灞桥区狄寨,402,17.7,208,48,23,1.1,34,1,1,0,1,0,0
1333,2020/7/6,周至县板房子,854,33.5,7,95,12,0.6,24.4,3,1,1,1,0,0
1335,2012/6/4,临潼区斜口,732,33.8,119,80,7,1,27.8,0,1,1,1,0,0
1337,2011/10/31,灞桥区白鹿塬,831,16.4,708,35,33,1,5.6,1,1,0,1,0,0
1341,2014/5/18,长安区引镇,2063,35.1,36,63,6,0.6,21.9,2,0,1,0,0,0
1343,2011/12/29,蓝田县蓝关,2117,39.2,918,76,25,1.2,31.2,3,0,1,1,0,0
1344,2015/8/16,鄠邑区涝峪,937,39.1,76,59,35,1,16.1,4,0,1,0,0,0
1347,2019/7/28,蓝田县葛牌,1787,20.7,117,63,35,1,5,3,0,0,0,0,0
1351,2012/3/26,临潼区斜口,606,25.1,51,46,11,0.6,53.8,1,0,1,0,0,0
1352,2021/12/27,临潼区斜口,322,41.3,289,36,40,0.6,17.7,2,1,1,1,0,1
1353,2010/10/29,蓝田县汤峪,906,45.5,203,95,23,1.1,14.7,2,0,1,0,0,0
1354,2015/9/22,灞桥区白鹿塬,621,18.1,103,30,17,1.1,8,1,1,0,1,0,0
1356,2010/7/16,临潼区斜口,335,37.1,141,52,27,0.9,8.4,1,1,1,1,0,0
1357,2022/8/12,蓝田县玉川,826,22.7,61,86,37,1.2,8.8,5,0,0,0,0,0
1358,2022/12/11,长安区蒿沟,2069,36,554,40,23,0.8,27.1,3,1,1,0,0,0
1360,2014/9/17,周至县厚畛子,840,36.1,83,40,0,0.9,11.9,3,1,1,0,0,0
1361,2020/8/30,长安区太乙宫,2263,21.2,148,92,15,1,40,0,0,0,0,0,0
1362,2022/8/9,鄠邑区蒋村,1904,35.8,13,67,5,0.8,26.2,0,0,0,0,0,1
1363,2016/6/23,长安区小峪,1736,50,21,74,14,0.6,18.5,0,1,0,0,0,1
1364,2012/7/19,鄠邑区蒋村,2021,44.3,709,80,16,1.2,30.9,4,0,1,1,0,0
1365,2015/9/16,鄠邑区祖庵,1051,37.4,168,93,34,0.6,14.9,4,1,1,1,0,0
1368,2010/5/27,蓝田县玉川,2438,33.5,147,71,23,0.6,19.3,5,0,0,0,0,0
1369,2016/5/16,鄠邑区蒋村,1006,30.3,575,92,33,0.8,31.5,3,1,0,1,0,0
1370,2016/8/11,灞桥区白鹿塬,790,15.9,424,35,28,0.8,18.2,1,0,1,0,0,0
1373,2023/4/18,未央区六村堡,432,17.2,949,34,11,1,7.4,1,1,0,0,0,1
1375,2019/7/11,周至县板房子,2241,49.1,11,74,40,1.1,22.2,5,1,1,1,0,0
1376,2023/10/9,阎良区新兴,994,21.1,1148,46,36,0.9,17.9,2,1,0,0,0,0
1378,2021/8/27,临潼区斜口,569,37.3,470,41,25,1.1,5,2,1,1,1,0,0
1379,2021/5/12,灞桥区狄寨,437,12.5,325,30,26,1.1,11.2,1,0,1,1,0,0
1380,2013/10/4,周至县板房子,1748,30.5,507,95,7,0.8,15.3,4,0,0,0,0,0
1382,2021/8/30,蓝田县玉川,2250,44.3,461,83,11,0.7,41.1,5,0,0,0,0,0
1384,2010/5/13,雁塔区电子城,467,17.5,267,39,11,1.1,31.7,0,1,0,1,0,1
1385,2020/1/20,长安区小峪,1373,28.3,116,45,38,0.6,16.3,2,0,0,0,0,0
1386,2018/8/10,长安区子午峪,1103,36.6,252,78,33,0.7,18.4,2,0,1,1,0,1
1387,2011/7/25,雁塔区电子城,989,20.3,311,72,1,0.6,30.9,0,1,0,0,0,0
1388,2016/7/28,周至县王家河,2063,36.9,529,69,24,0.7,22.1,4,0,1,1,0,0
1390,2020/7/4,鄠邑区涝峪,879,29.2,287,40,9,1,14,0,0,1,1,0,0
1394,2015/6/20,蓝田县葛牌,2222,29.5,158,95,35,0.8,27.8,3,0,0,0,0,0
1395,2020/9/4,周至县广济,1625,33.1,100,40,28,1.2,16.7,0,1,1,1,0,0
1397,2016/8/23,灞桥区席王,558,12.3,91,30,39,0.7,30.9,1,0,1,0,0,1
1399,2011/9/10,长安区子午峪,2476,24.2,50,80,23,1.2,21.1,0,0,1,0,0,0
1400,2016/10/31,周至县板房子,2245,50,167,95,15,0.6,12.1,3,0,1,0,0,0
1401,2021/7/10,周至县王家河,2486,41.3,488,40,28,1.2,16,5,0,1,1,0,0
1403,2016/7/20,蓝田县蓝关,2389,24.6,185,80,39,1.2,40,0,0,1,0,0,0
1407,2017/7/10,长安区沣峪,1334,42.3,472,86,11,1.1,6.2,3,0,0,0,0,0
1408,2010/9/22,长安区太乙宫,1101,36.3,180,43,18,0.9,18.4,2,0,1,0,0,0
1412,2014/10/4,临潼区骊山,768,25.8,172,32,8,0.9,6.5,0,1,1,0,0,0
1414,2015/5/19,鄠邑区蒋村,1238,30.2,1262,95,2,1,16,4,0,0,0,0,0
1415,2015/7/14,长安区小峪,2076,40,1379,71,31,0.7,60,3,0,0,0,0,0
1420,2010/6/9,蓝田县蓝关,2211,45.5,28,94,17,1,9.3,3,0,1,0,0,0
1422,2017/6/29,长安区引镇,1828,32.9,98,87,35,0.8,24,2,0,1,1,0,0
1424,2010/7/17,雁塔区杜城,795,20.7,157,30,17,1,22,0,0,0,0,0,1
1429,2016/6/1,灞桥区洪庆,709,23.5,135,40,16,0.8,15,1,0,1,0,0,0
1431,2023/8/27,阎良区新兴,683,27.1,86,38,37,0.8,6.9,2,1,0,0,0,0
1433,2020/7/31,蓝田县汤峪,2196,36.7,128,77,29,0.6,50,5,1,0,0,0,0
1434,2010/9/26,高陵区通远,721,19.9,178,53,28,0.9,5,4,0,0,0,0,0
1435,2022/2/17,灞桥区席王,620,22.8,629,80,26,1,20,1,0,0,0,0,0
1438,2023/8/20,周至县马召,866,38.3,446,90,22,1.2,23.8,5,0,0,0,0,0
1440,2015/8/24,周至县板房子,835,32.8,486,95,12,1.1,35.2,0,0,0,0,0,0
1444,2013/8/1,蓝田县玉川,2413,20,386,95,7,0.6,36.6,2,1,0,0,0,0
1447,2012/7/13,灞桥区白鹿塬,399,15.1,376,42,12,0.6,26,1,1,1,0,0,0
1448,2019/1/14,周至县厚畛子,1221,30.5,68,40,30,1.2,9.3,5,1,0,1,0,0
1450,2023/12/14,灞桥区洪庆,537,19.6,28,34,3,1,35.7,1,1,1,1,0,0
1451,2022/10/29,鄠邑区蒋村,1289,30.8,947,82,27,1.2,7.7,3,0,1,1,0,0
1453,2020/10/10,蓝田县葛牌,2088,45.9,851,81,5,1,16.6,3,1,0,0,0,0
1454,2013/10/15,周至县王家河,1813,46.9,641,88,39,0.9,22.8,5,0,0,0,0,0
1456,2020/7/24,长安区太乙宫,904,38.3,92,87,0,1.2,17.9,2,1,0,0,0,0
1457,2019/8/10,临潼区零口,680,26.7,551,49,13,0.7,16.5,2,0,0,0,0,0
1458,2014/7/11,鄠邑区玉蝉,1542,41.8,661,95,18,1.2,18.8,3,0,0,0,0,0
1459,2013/9/16,鄠邑区祖庵,2448,38.5,116,53,2,1.2,32.9,0,0,1,1,0,0
1460,2021/7/31,长安区太乙宫,1769,34.5,15,57,29,1.1,18,3,1,1,0,0,0
1464,2023/2/17,蓝田县葛牌,2214,38.4,660,78,35,1,13.3,5,0,0,0,0,0
1467,2021/6/20,雁塔区电子城,744,16.4,34,68,39,0.8,30,1,1,0,1,0,0
1468,2023/7/24,灞桥区白鹿塬,889,17.1,437,69,27,0.9,16.3,1,0,1,1,0,0
1469,2022/10/17,周至县王家河,1684,33.4,189,81,35,1,44.7,4,0,1,0,0,0
1470,2014/7/16,高陵区通远,731,17,41,80,21,0.9,17.3,4,0,0,0,0,0
1471,2021/4/18,鄠邑区蒋村,945,48.3,64,47,35,0.6,11.9,4,0,1,1,0,0
1472,2016/9/6,未央区未央宫,842,21.2,1079,71,12,0.9,6.9,1,1,1,1,0,0
1474,2013/7/5,蓝田县葛牌,2024,40.9,291,95,37,0.7,20.5,0,0,1,1,0,0
1476,2010/9/7,高陵区耿镇,536,23.1,68,73,15,0.9,15.7,4,0,0,0,0,1
1478,2021/6/26,蓝田县九间房,1567,34.8,300,94,9,0.9,36.5,0,1,0,1,0,0
1480,2018/7/6,长安区子午峪,1307,27.6,260,92,20,0.8,26.7,0,0,1,0,0,0
1481,2022/9/7,长安区沣峪,1988,40.4,1229,46,12,1,21.4,3,0,0,0,0,0
1482,2021/2/13,周至县板房子,2266,21.1,6,91,37,0.6,17,3,0,1,1,0,0
1483,2020/8/27,蓝田县蓝关,1832,30.7,345,82,3,0.6,27.5,3,1,1,1,0,0
1487,2016/9/17,阎良区武屯,902,24.2,501,80,40,1.2,11.1,1,1,0,0,0,0
1488,2013/8/23,蓝田县玉川,1873,35.7,588,40,38,0.7,32.6,2,1,1,1,0,0
1490,2012/7/17,灞桥区席王,444,22.3,438,30,11,0.8,8.7,1,0,0,0,0,0
1491,2020/9/24,未央区六村堡,600,19.3,452,53,26,1,29.3,1,0,1,1,0,0
1493,2017/9/17,灞桥区洪庆,727,21.6,326,58,36,1,18.5,1,0,1,1,0,0
1494,2014/2/23,灞桥区白鹿塬,544,28,231,30,27,0.9,38.8,1,1,1,0,0,0
1497,2018/7/21,雁塔区电子城,909,20.7,213,30,23,0.8,27.7,0,0,0,0,0,0
1498,2018/9/30,灞桥区席王,475,23.6,379,44,6,0.8,21.8,1,1,1,0,0,1
1499,2014/8/23,长安区太乙宫,1765,36.7,120,48,40,1,21.1,2,0,0,0,0,0
1500,2020/7/21,鄠邑区涝峪,803,29.3,427,56,2,1,13.4,0,1,1,1,0,0
1501,2018/6/6,周至县厚畛子,2170,45.6,152,77,31,0.9,28.7,3,0,0,0,0,0
1504,2020/10/4,临潼区代王,502,50,1500,30,5,0.8,9.8,1,1,0,0,0,0
1506,2017/10/24,灞桥区狄寨,521,20.2,80,61,21,1,18.9,1,0,1,0,0,0
1508,2014/5/20,长安区太乙宫,890,44.7,543,42,18,0.6,16.7,0,1,1,1,0,1
1509,2015/8/28,灞桥区席王,852,24.8,266,50,16,1,44.6,1,0,1,0,0,0
1511,2021/9/8,长安区沣峪,1355,29.3,47,78,32,0.7,8,0,1,0,1,0,0
1512,2017/8/17,长安区子午峪,1462,35.4,769,75,37,1,26.9,0,0,0,0,0,0
1515,2019/8/9,长安区子午峪,1418,43.9,202,63,30,1.2,32.8,0,1,1,1,0,0
1517,2018/3/11,鄠邑区玉蝉,1168,44.8,283,72,8,1.1,25.3,0,0,0,0,0,0
1519,2017/8/19,灞桥区狄寨,799,23.2,437,30,31,0.6,11.7,1,1,1,0,0,0
1520,2012/8/31,临潼区骊山,660,38.5,22,44,7,1,24.5,0,1,0,0,0,0
1521,2014/7/7,临潼区代王,402,38.9,538,56,23,0.9,34.3,2,1,0,1,0,0
1522,2013/9/28,阎良区新兴,673,30.5,97,30,21,0.9,29.4,4,1,1,1,0,0
1524,2010/7/22,临潼区斜口,992,43.9,468,30,28,1,26.4,0,1,1,0,0,0
1525,2020/3/10,周至县厚畛子,1951,27.4,446,40,24,1.1,18.6,5,1,1,1,0,0
1526,2013/5/8,长安区子午峪,2353,27.9,662,88,0,0.8,12.8,0,0,0,0,0,0
1527,2017/12/22,长安区引镇,1732,30.4,12,68,23,0.8,23.5,3,0,0,0,0,0
1528,2018/7/26,长安区小峪,1184,31.5,687,40,5,0.6,14.6,0,0,1,1,0,0
1529,2010/10/9,未央区未央宫,430,15.4,332,66,32,1.2,16,1,1,0,0,0,0
1531,2022/10/20,长安区子午峪,1501,41.8,18,90,35,0.8,25.3,0,0,1,1,0,0
1532,2010/7/6,长安区太乙宫,2307,34.6,111,66,2,1.2,15.4,3,1,0,0,0,0
1533,2022/10/18,蓝田县九间房,1399,24,58,69,23,0.9,5,0,0,1,0,0,0
1534,2021/7/2,鄠邑区涝峪,2054,38.2,517,69,38,0.8,28.2,5,1,1,1,0,0
1535,2023/8/22,长安区子午峪,1549,40.7,351,92,23,0.7,23.3,2,0,1,0,0,0
1537,2021/8/18,蓝田县汤峪,1254,36.9,563,47,11,1,36.5,2,1,1,0,0,0
1539,2011/9/10,未央区谭家,358,24.4,582,45,33,0.8,21.2,1,1,1,1,0,0
1540,2021/10/20,高陵区鹿苑,659,24,365,30,30,1.2,17.5,1,0,1,0,0,1
1542,2014/9/20,临潼区骊山,633,24.9,20,34,13,1.2,32.7,0,1,1,1,0,0
1546,2022/7/21,周至县马召,2229,35.1,2,40,19,0.6,18.9,5,1,1,0,0,0
1547,2012/9/10,蓝田县汤峪,2235,30.8,298,94,35,1.1,24.6,3,0,1,0,0,0
1549,2012/9/26,周至县王家河,925,31.2,773,40,25,0.8,25.3,4,1,1,0,0,0
1550,2014/7/13,蓝田县汤峪,2243,37.6,331,51,37,1.1,12.8,3,0,0,0,0,0
1551,2015/8/20,阎良区关山,952,19.4,9,37,19,0.8,12.5,4,0,1,1,0,0
1554,2019/8/25,周至县马召,847,39.8,40,94,40,0.9,12.4,0,1,1,1,0,0
1556,2013/7/19,鄠邑区甘河,2128,31.9,471,79,26,1,26.2,5,0,0,0,0,0
1557,2021/8/13,灞桥区白鹿塬,819,14.3,188,30,21,1.1,11.7,1,0,0,0,0,0
1558,2014/2/6,周至县厚畛子,1458,21.2,345,92,3,1.1,64.6,5,1,0,0,0,0
1559,2013/6/23,长安区小峪,925,34.3,431,40,7,1,21.5,0,1,0,0,0,0
1562,2016/9/23,鄠邑区甘河,2315,20,544,74,6,0.7,18.4,0,0,0,0,0,0
1565,2014/5/16,长安区沣峪,1688,30.5,1426,44,0,0.7,21.1,2,1,0,0,0,0
1566,2015/7/27,鄠邑区涝峪,859,30.7,126,72,6,0.7,37.3,0,1,0,0,0,0
1568,2011/7/13,未央区谭家,633,28.3,4,36,13,1.1,17.5,1,1,1,1,0,0
1569,2012/6/7,长安区蒿沟,2086,44.1,872,83,10,1.1,11.9,3,0,1,0,0,0
1571,2017/7/2,鄠邑区祖庵,1082,36,339,74,2,0.9,24.5,3,1,0,0,0,1
1572,2016/5/23,鄠邑区甘河,1064,40.5,360,90,3,0.6,30.8,0,0,0,0,0,0
1573,2021/4/27,蓝田县九间房,1055,43.4,85,40,21,0.7,16.1,3,0,1,0,0,0
1574,2016/8/14,鄠邑区蒋村,1632,31.5,16,82,26,0.7,19.5,0,0,0,0,0,0
1576,2023/9/17,未央区未央宫,678,22.8,213,80,6,0.8,50,1,1,1,1,0,1
1579,2022/9/23,鄠邑区玉蝉,1895,34.6,53,40,23,1,46,0,1,1,0,0,0
1580,2018/7/6,鄠邑区祖庵,1632,35.8,13,52,38,0.9,33.3,5,1,0,1,0,0
1581,2016/9/23,鄠邑区蒋村,2200,44.9,370,57,26,0.6,21,5,1,0,1,0,0
1584,2013/9/11,周至县厚畛子,2073,41.4,121,40,29,1.2,24.5,4,0,1,0,0,0
1587,2012/9/5,蓝田县九间房,1491,50,177,90,39,1,24.7,3,1,0,1,0,0
1589,2011/7/7,长安区小峪,1743,40.8,138,94,38,0.9,5,2,1,0,0,0,0
1590,2010/12/18,周至县马召,1203,25.2,80,95,12,0.7,24,4,0,1,0,0,0
1591,2023/10/11,长安区引镇,2095,36.3,420,95,19,0.6,58,0,0,0,0,0,0
1593,2011/5/6,周至县马召,1143,36,109,92,16,0.7,22.1,5,1,1,1,0,0
1596,2020/8/16,周至县板房子,1537,42.2,47,84,20,0.9,6.2,5,0,1,0,0,0
1597,2012/8/10,未央区六村堡,347,21.8,517,33,22,0.7,11.3,1,0,0,0,0,0
1602,2013/1/28,长安区引镇,1814,26.7,183,84,11,0.8,34.7,2,1,1,1,0,0
1603,2014/10/20,阎良区新兴,502,11.3,16,36,36,0.6,20,4,1,0,1,0,0
1604,2012/7/5,鄠邑区玉蝉,1467,23.1,53,95,36,0.6,18.8,5,0,1,0,0,0
1606,2023/7/21,周至县马召,2017,27,139,84,6,1.1,9.2,4,0,0,0,0,0
1608,2010/2/22,鄠邑区涝峪,880,41.2,313,89,16,0.9,18.9,5,1,1,1,0,1
1610,2013/7/2,鄠邑区蒋村,1301,31.1,1262,59,32,0.7,25,4,1,0,0,0,0
1612,2013/6/13,蓝田县汤峪,1960,36.5,383,40,6,1.1,25,3,1,0,0,0,0
1613,2013/9/16,蓝田县葛牌,1114,20,51,92,13,0.8,40,5,0,1,1,0,0
1614,2020/9/5,临潼区零口,483,36.8,266,59,31,0.8,17.6,2,1,1,0,0,0
1618,2011/5/7,长安区蒿沟,1590,29.5,989,62,33,0.6,23.5,3,0,0,0,0,0
1619,2010/5/13,蓝田县汤峪,1695,31.8,615,61,1,1,22.4,0,0,0,0,0,0
1620,2013/8/4,蓝田县玉川,2446,35.7,516,72,25,0.6,19.2,3,1,1,0,0,0
1621,2020/8/20,高陵区鹿苑,974,15.2,519,80,5,0.7,20,1,0,0,0,0,1
1623,2013/4/21,阎良区武屯,718,15.5,293,41,28,0.6,16,4,0,0,0,0,0
1624,2019/10/13,长安区小峪,2211,39.1,175,80,32,1.1,12.9,3,0,0,0,0,0
1625,2020/8/6,蓝田县蓝关,1947,32.6,345,95,2,1,19.5,2,1,1,1,0,0
1627,2016/6/29,蓝田县九间房,1671,34.3,100,48,34,0.6,32.5,0,1,1,1,0,0
1629,2023/10/20,蓝田县蓝关,2252,38.6,1500,83,40,0.9,15,0,0,0,0,0,0
1633,2011/8/14,长安区引镇,1276,43.7,210,81,9,0.7,6.9,0,0,1,0,0,0
1635,2014/10/8,周至县马召,1015,29.5,450,69,10,1.2,22.2,5,0,1,0,0,0
1636,2014/6/15,周至县板房子,1374,31.5,101,84,10,1.1,22.5,3,0,1,1,0,0
1637,2017/5/4,长安区子午峪,886,42.7,1500,65,21,1.2,14.3,3,1,1,1,0,0
1638,2012/5/2,鄠邑区蒋村,1071,24.2,63,75,2,0.6,36.7,4,0,0,0,0,0
1639,2023/8/31,灞桥区席王,536,13.1,182,30,12,1,25.3,1,1,1,1,0,1
1642,2010/5/27,阎良区关山,870,26.9,226,53,15,0.9,12.7,2,0,0,0,0,0
1643,2012/10/23,鄠邑区祖庵,2451,29.6,160,45,3,0.7,43.3,5,0,1,0,0,0
1644,2014/8/28,长安区蒿沟,2018,44.3,316,90,18,1,32.4,3,0,0,0,0,0
1645,2014/12/31,临潼区零口,629,28.9,4,71,3,0.6,40,0,0,1,0,0,0
1647,2021/10/5,周至县板房子,2013,35.5,222,95,0,1.1,35.2,5,0,1,1,0,0
1649,2022/8/5,周至县厚畛子,1073,29.3,595,76,28,1.1,23.5,4,0,0,0,0,0
1652,2010/10/31,蓝田县葛牌,1056,27.6,1258,42,18,1.1,32.6,3,1,0,1,0,0
1653,2018/5/14,鄠邑区涝峪,1476,27.2,173,77,7,1,26.1,5,0,0,0,0,1
1654,2023/8/18,雁塔区电子城,767,26,175,30,7,0.9,16.7,1,0,0,0,0,0
1655,2015/7/17,鄠邑区甘河,1685,34,525,93,13,0.7,27.6,4,0,1,1,0,0
1656,2015/10/30,长安区引镇,2050,45.4,95,58,16,0.9,51.3,3,1,1,1,0,0
1661,2011/8/29,长安区子午峪,903,20,301,86,22,0.7,9.8,2,0,1,0,0,0
1663,2010/7/30,长安区小峪,945,35.6,338,67,13,1.1,40,2,1,0,1,0,0
1666,2016/7/2,周至县板房子,1678,45,115,53,2,1.1,13,5,0,1,1,0,0
1667,2021/11/2,长安区子午峪,1357,32.2,277,74,20,0.9,20,3,0,0,0,0,0
1668,2011/8/18,鄠邑区甘河,2060,29.7,59,40,11,0.7,7.5,0,0,0,0,0,0
1669,2011/7/31,雁塔区杜城,740,20.4,56,30,0,0.7,13.5,0,0,1,1,0,0
1670,2013/8/18,长安区太乙宫,1055,37,163,94,19,1.2,12.9,3,0,1,0,0,0
1671,2015/5/1,长安区沣峪,1110,45.4,260,40,30,0.7,33,2,1,1,0,0,0
1673,2013/7/4,灞桥区洪庆,952,26.4,4,47,24,0.6,5.8,1,0,1,0,0,0
1675,2016/9/2,临潼区代王,669,30.4,59,36,30,0.7,26.4,1,1,0,0,0,0
1676,2018/11/2,周至县马召,2039,41.8,5,82,29,1,11.6,5,0,1,0,0,0
1677,2010/8/28,长安区蒿沟,2220,35,116,95,24,0.9,33.3,3,1,0,1,0,0
1679,2019/11/28,未央区六村堡,543,15,533,49,3,0.7,23.8,1,1,0,0,0,0
1680,2023/9/30,周至县厚畛子,1500,25.1,382,88,35,0.8,21.1,4,0,0,0,0,0
1681,2018/6/9,鄠邑区涝峪,1849,32.8,226,59,6,1,17,4,1,0,1,0,0
1683,2018/8/4,灞桥区席王,394,20.9,213,30,40,1.2,47.1,1,0,1,0,0,0
1684,2022/9/25,鄠邑区甘河,1919,28.5,129,40,15,1,6.7,4,0,1,1,0,0
1687,2015/10/20,灞桥区洪庆,561,17.3,91,34,15,0.6,18.8,1,0,0,0,0,0
1689,2010/8/15,临潼区零口,740,35.2,105,30,27,1,9.2,0,0,1,1,0,0
1690,2012/8/23,蓝田县蓝关,2489,27.8,555,82,7,1.1,25.3,2,1,0,1,0,0
1691,2017/10/10,长安区引镇,1373,36.8,475,40,32,0.6,17.5,2,0,1,0,0,0
1695,2010/9/10,鄠邑区蒋村,978,27.3,156,86,15,1.2,8.2,4,0,0,0,0,1
1696,2014/4/25,灞桥区狄寨,989,17.2,228,40,33,1.2,16.9,1,1,0,1,0,0
1697,2010/8/28,灞桥区狄寨,413,10,429,35,26,1.2,20.7,1,0,1,0,0,0
1699,2015/8/31,鄠邑区甘河,2195,26.2,138,95,37,0.7,18.9,0,0,0,0,0,0
1700,2022/9/13,鄠邑区涝峪,1574,33.4,48,65,4,1.2,13.7,0,0,0,0,0,0
1701,2012/8/27,灞桥区白鹿塬,342,25.8,213,30,0,0.9,15.2,1,0,0,0,0,0
1705,2010/10/6,阎良区关山,601,20.4,378,76,22,1.1,12.4,2,1,1,1,0,0
1706,2023/10/6,周至县广济,2119,32.6,90,60,15,1,27.6,3,1,1,1,0,0
1708,2014/7/15,周至县板房子,893,27.5,371,94,22,0.7,10.6,5,0,0,0,0,0
1709,2011/10/24,临潼区零口,825,21.9,52,30,0,0.9,16,2,1,1,1,0,0
1712,2017/7/5,未央区六村堡,354,20.8,6,59,7,1.1,6.5,1,0,1,0,0,1
1714,2014/9/8,长安区蒿沟,1132,41.7,470,40,3,0.9,22.7,3,0,1,0,0,0
1715,2016/12/12,周至县厚畛子,2428,26.7,67,51,36,1,30,3,0,0,0,0,0
1716,2013/9/21,长安区子午峪,1639,50,979,52,29,1.2,14.8,2,0,0,0,0,0
1717,2023/9/9,蓝田县九间房,1092,30.4,289,95,29,0.6,11.6,0,0,0,0,0,0
1720,2017/8/12,长安区引镇,2170,42.4,791,40,10,0.7,51.4,2,1,0,0,0,0
1724,2018/6/20,鄠邑区蒋村,875,36.4,27,67,2,1.1,20,5,1,1,1,0,0
1725,2016/9/25,长安区子午峪,1599,34.9,31,40,27,1.1,42.4,3,1,1,1,0,0
1726,2023/7/27,周至县马召,817,23.7,108,90,8,1,21,5,1,1,1,0,0
1727,2014/6/9,鄠邑区蒋村,2169,39.8,93,70,14,0.7,29.6,5,0,0,0,0,0
1728,2023/9/7,临潼区代王,670,30.8,207,37,23,0.6,17.4,1,1,1,1,0,0
1729,2012/5/25,蓝田县葛牌,1644,31.4,812,69,34,0.8,5.2,5,0,0,0,0,0
1731,2019/8/26,蓝田县九间房,2154,40.2,454,56,9,0.8,26.7,3,1,0,0,0,0
1734,2015/7/9,阎良区新兴,910,23.5,113,46,6,0.7,20,4,0,1,0,0,0
1740,2011/7/5,长安区太乙宫,1972,35.2,733,72,17,0.8,48,2,1,1,0,0,0
1741,2022/10/8,蓝田县葛牌,1370,20.3,1079,60,24,0.6,14.3,0,0,0,0,0,0
1742,2017/10/17,灞桥区洪庆,689,24,141,44,29,1.1,25.5,1,0,1,1,0,0
1743,2019/5/26,长安区沣峪,1587,23.5,107,45,4,1.1,21.1,2,1,0,0,0,0
1745,2015/9/14,蓝田县玉川,2263,36.4,28,50,31,0.8,16.3,3,1,1,0,0,0
1746,2011/9/1,灞桥区白鹿塬,482,15.3,653,58,34,0.9,14.8,1,0,0,0,0,1
1747,2013/9/29,灞桥区白鹿塬,659,21.5,241,60,26,1.2,25.5,1,1,0,0,0,0
1748,2014/6/22,灞桥区白鹿塬,662,11.5,830,30,28,0.9,10.4,1,0,1,0,0,0
1749,2011/9/12,灞桥区白鹿塬,908,14.6,776,58,34,1,27.4,1,0,0,0,0,1
1750,2018/10/2,灞桥区席王,593,23.7,431,43,15,0.9,16.7,1,1,0,0,0,0
1751,2015/11/5,临潼区骊山,509,28.7,277,60,17,1.1,18.7,0,0,0,0,0,0
1752,2021/4/15,临潼区斜口,583,43.7,76,54,20,0.8,12.7,0,0,1,1,0,0
1755,2011/7/31,长安区蒿沟,1712,35.4,191,70,39,0.6,15.4,2,0,0,0,0,1
1756,2021/8/11,长安区子午峪,1073,43.2,61,95,40,0.7,5.6,2,1,0,0,0,1
1759,2018/9/3,长安区沣峪,1929,42.4,33,95,39,1.2,15.1,0,1,0,1,0,0
1760,2019/11/15,蓝田县九间房,1879,35.3,26,63,1,1.1,31.3,2,1,1,1,0,0
1762,2018/7/17,周至县王家河,913,40.7,737,73,26,1,27.6,4,1,0,0,0,0
1765,2019/5/29,长安区太乙宫,2179,38.1,110,50,19,0.6,9,2,0,1,1,0,0
1766,2014/9/30,阎良区新兴,627,19.7,179,30,35,1.2,27.8,1,0,1,0,0,0
1767,2014/8/8,雁塔区曲江,980,27,172,79,15,1.1,7.2,0,0,0,0,0,0
1768,2013/8/9,周至县厚畛子,1645,28.7,241,40,26,1,52,4,1,1,1,0,0
1769,2013/5/17,长安区蒿沟,2133,20.1,296,94,39,1,18.8,2,1,0,0,0,1
1770,2016/7/23,未央区谭家,508,10,272,48,25,0.8,20,1,0,1,1,0,0
1771,2014/8/9,鄠邑区涝峪,1819,34.8,87,95,6,0.9,37.4,0,1,0,0,0,1
1772,2023/10/4,未央区六村堡,661,24.2,163,30,10,1.2,11.7,1,0,1,1,0,0
1773,2011/3/6,灞桥区洪庆,518,23.3,430,30,8,0.7,9.1,1,0,1,1,0,0
1774,2019/7/29,鄠邑区蒋村,1619,27.8,252,40,15,0.7,27.5,3,0,0,0,0,0
1776,2015/8/21,临潼区骊山,401,42.9,578,31,29,0.9,51.4,1,1,1,1,0,0
1778,2017/8/13,周至县厚畛子,1682,40.1,273,67,18,0.8,17.4,5,0,1,0,0,0
1779,2016/9/4,灞桥区白鹿塬,567,17.2,8,80,9,0.9,14.1,1,0,0,0,0,0
1782,2010/7/11,鄠邑区祖庵,1905,35.8,175,54,4,1,21,5,1,0,0,0,0
1783,2020/9/19,长安区子午峪,1005,30.6,135,63,39,0.8,14.1,2,1,0,1,0,0
1787,2020/4/23,长安区沣峪,2226,33.6,85,93,2,0.8,43.1,2,0,0,0,0,0
1788,2021/8/1,蓝田县九间房,1371,34.6,108,63,25,1,15.8,3,0,1,0,0,0
1791,2018/11/7,临潼区零口,593,30,31,36,4,0.8,18.4,1,1,0,1,0,0
1792,2022/9/17,雁塔区杜城,369,17,908,56,6,0.6,19.2,0,0,0,0,0,0
1794,2019/8/20,鄠邑区玉蝉,1508,28.1,265,40,38,1.1,35.4,5,0,0,0,0,0
1797,2023/6/21,雁塔区电子城,347,11.9,594,30,40,0.9,23.3,1,0,0,0,0,0
1799,2011/10/26,长安区引镇,2288,34.2,502,40,24,1,70,3,1,0,0,0,0
1803,2012/8/8,临潼区骊山,766,39.9,125,61,0,0.8,72,2,1,1,0,0,0
1805,2016/7/16,周至县马召,1272,30.5,103,77,28,0.6,12.6,0,0,0,0,0,0
1806,2013/8/5,长安区子午峪,1042,50,169,93,7,0.6,13.6,2,0,1,1,0,0
1808,2023/6/5,长安区小峪,942,26.3,55,62,9,1.2,7.9,2,0,0,0,0,0
1809,2018/8/14,雁塔区杜城,760,21.2,262,40,17,0.9,26.2,0,0,1,0,0,1
1811,2010/7/20,灞桥区洪庆,765,20.4,287,49,30,0.9,8.9,1,0,0,0,0,0
1812,2012/7/1,周至县板房子,1183,20,252,44,32,1,21.3,3,1,1,1,0,1
1815,2010/11/7,长安区小峪,1556,50,69,40,15,1,41,3,1,0,1,0,0
1816,2015/8/5,鄠邑区祖庵,1555,40.7,4,81,27,0.6,11.8,5,1,1,1,0,0
1817,2017/7/20,周至县厚畛子,1178,23.9,185,52,38,0.7,26.7,0,0,0,0,0,0
1819,2023/10/23,灞桥区洪庆,571,19.8,199,30,34,0.6,28.8,1,0,0,0,0,0
1820,2022/7/4,蓝田县葛牌,1920,31.7,688,40,6,0.9,28.6,5,1,1,1,0,0
1821,2016/9/1,雁塔区杜城,556,17.2,42,30,19,1.1,32,1,0,1,0,0,0
1822,2019/5/3,长安区蒿沟,1610,22.5,108,65,5,0.8,19.1,2,0,1,1,0,0
1824,2011/2/28,鄠邑区祖庵,2164,49,340,48,3,0.6,5.7,5,0,1,0,0,0
1828,2013/8/27,未央区谭家,532,13.3,1096,30,32,0.9,18.8,1,0,1,1,0,0
1829,2014/8/6,灞桥区洪庆,883,25.9,849,78,8,1.2,26.1,1,1,0,1,0,0
1830,2021/9/9,高陵区通远,953,27.8,118,30,8,0.6,48.6,4,0,0,0,0,1
1835,2011/9/5,鄠邑区甘河,819,35.1,99,95,30,0.9,20.6,4,0,1,0,0,0
1836,2013/8/27,临潼区代王,387,44.6,356,30,20,1,31.1,0,1,1,1,0,0
1838,2020/10/18,灞桥区洪庆,968,20,75,44,14,1.1,15.7,1,1,1,1,0,0
1840,2012/5/8,鄠邑区甘河,1860,33.3,78,60,37,0.8,40,4,1,0,1,0,0
1841,2016/8/19,周至县马召,2084,43.2,1088,95,28,0.6,7.1,5,0,0,0,0,0
1843,2015/9/18,长安区蒿沟,1797,44,56,85,24,0.6,64,0,0,1,0,0,0
1845,2017/8/11,临潼区斜口,605,44.9,192,41,13,0.7,22.3,0,1,1,1,0,0
1846,2018/5/11,周至县马召,1543,47.8,226,95,36,1.1,8.5,0,0,1,1,0,0
1848,2022/8/23,灞桥区洪庆,829,16.7,105,55,33,0.8,13.1,1,0,1,0,0,0
1849,2022/3/8,长安区太乙宫,972,28.2,476,94,16,1.2,39.4,3,0,1,1,0,1
1850,2015/7/29,阎良区武屯,427,18.6,64,69,1,1,46,4,0,1,0,0,0
1851,2022/5/18,周至县厚畛子,1448,35.4,2,77,2,0.7,40,5,1,1,1,0,0
1852,2014/7/27,周至县板房子,869,29.3,362,85,10,0.6,21.8,5,0,0,0,0,0
1855,2012/9/7,鄠邑区甘河,1735,36.3,18,77,2,0.8,17.3,0,0,1,0,0,0
1856,2022/8/30,长安区小峪,1898,41.6,414,63,33,0.9,16,2,1,0,0,0,0
1858,2010/8/18,长安区子午峪,1682,31,656,83,32,0.7,7,2,1,0,0,0,0
1859,2011/3/16,周至县马召,1522,38.8,35,95,30,1.1,32,0,1,0,0,0,0
1860,2021/7/26,灞桥区狄寨,903,17,433,55,23,1,11,1,0,0,0,0,0
1862,2023/12/22,鄠邑区蒋村,1354,27.1,644,85,3,0.8,12.1,0,0,0,0,0,0
1863,2020/11/19,蓝田县蓝关,1621,39.7,1500,90,0,0.6,29,2,1,0,0,0,0
1865,2023/12/5,周至县厚畛子,1797,22.4,286,95,27,1,5,0,0,1,0,0,0
1866,2018/7/26,长安区子午峪,1193,30.9,626,67,8,0.6,17.6,2,0,0,0,0,0
1867,2017/7/24,鄠邑区涝峪,2439,32.9,85,63,19,0.6,40,0,0,0,0,0,0
1869,2023/5/8,长安区蒿沟,2469,41.1,78,92,33,0.8,14.3,2,1,0,1,0,0
1870,2014/10/28,周至县板房子,2148,22.7,238,69,24,0.7,35,4,0,1,1,0,0
1871,2023/11/3,长安区小峪,2012,33.2,847,42,21,0.6,12.7,0,1,0,0,0,0
1872,2015/7/21,临潼区斜口,481,36.2,61,30,13,1.1,15.6,1,0,1,0,0,0
1873,2022/8/3,高陵区鹿苑,717,19,103,49,16,1.1,23.1,4,0,1,0,0,0
1874,2020/8/4,周至县广济,1544,32.3,857,79,11,0.6,23.1,3,0,1,0,0,0
1875,2013/7/21,蓝田县蓝关,1180,30.7,662,88,9,0.7,7.1,2,0,0,0,0,0
1876,2010/7/22,灞桥区席王,765,10,62,30,6,1.2,30.3,1,0,1,1,0,1
1877,2018/7/8,未央区六村堡,600,16.5,638,57,37,1.2,20,1,0,0,0,0,0
1878,2014/9/14,鄠邑区祖庵,1227,47.8,3,84,26,0.7,12,5,1,0,0,0,0
1881,2012/7/23,鄠邑区祖庵,1716,32.4,24,86,28,1.2,29.7,3,1,1,1,0,0
1882,2018/6/2,长安区子午峪,1231,45,407,45,34,1.2,16,2,1,1,1,0,0
1883,2021/7/23,灞桥区狄寨,511,21,830,66,40,0.9,32.9,1,0,0,0,0,0
1884,2010/8/15,蓝田县九间房,1982,45.6,179,81,4,1.2,15.3,2,0,0,0,0,0
1886,2012/6/14,灞桥区洪庆,404,16.2,405,62,10,0.7,10.5,1,0,0,0,0,0
1887,2021/8/12,周至县王家河,2474,28,167,60,1,1.1,80,0,0,0,0,0,0
1889,2012/9/21,雁塔区电子城,581,21.3,514,30,34,0.6,28.3,0,1,0,0,0,0
1890,2016/7/18,蓝田县玉川,1365,38.1,1,88,34,0.8,30.2,0,0,1,0,0,0
1891,2017/10/31,长安区引镇,2187,29.4,360,62,8,1.1,16,0,0,0,0,0,0
1893,2014/6/24,雁塔区曲江,352,21.4,729,38,2,0.6,24.8,1,1,0,0,0,1
1894,2014/10/13,长安区太乙宫,1729,24.4,410,84,10,1.2,46.2,0,0,1,1,0,0
1896,2023/10/3,长安区小峪,1874,35.6,39,57,18,0.9,15.2,0,1,0,0,0,0
1897,2019/9/4,周至县广济,1166,22.3,360,74,13,0.8,22.2,5,0,1,1,0,0
1905,2013/9/1,鄠邑区蒋村,2212,24.8,181,68,40,0.7,8.9,0,0,0,0,0,0
1907,2010/7/28,周至县板房子,2260,31.3,62,84,11,1,10.7,3,0,0,0,0,0
1908,2023/9/7,未央区谭家,386,24.4,119,53,16,0.8,8.9,1,0,0,0,0,1
1909,2016/7/18,临潼区斜口,611,44.7,511,30,23,0.7,32.1,1,1,0,1,0,1
1910,2017/10/14,周至县厚畛子,2187,46.6,187,40,25,0.6,19,5,0,0,0,0,0
1911,2015/8/23,蓝田县葛牌,1437,22,271,71,37,1,9.1,0,0,1,0,0,0
1914,2014/9/24,蓝田县汤峪,1758,33,266,40,21,0.7,5,5,1,0,0,0,0
1915,2023/8/26,鄠邑区涝峪,1308,29.5,586,85,21,0.7,15.4,0,0,1,0,0,0
1917,2023/7/23,鄠邑区涝峪,1055,36,448,79,26,0.7,34.3,0,0,0,0,0,0
1919,2017/7/11,高陵区鹿苑,421,24.8,88,33,0,0.8,15.3,4,1,1,1,0,1
1920,2016/8/1,鄠邑区玉蝉,1156,22.3,160,42,25,0.9,44,3,0,1,1,0,0
1921,2019/8/9,长安区沣峪,1992,38.3,104,80,5,0.7,18.6,0,0,0,0,0,0
1922,2016/9/24,鄠邑区蒋村,1362,38.9,116,95,3,0.9,15.8,3,1,1,1,0,0
1924,2016/8/1,阎良区武屯,984,16.3,903,41,0,0.6,24.3,2,1,0,1,0,0
1931,2020/7/5,蓝田县玉川,1427,38.9,37,85,2,0.7,17.5,5,0,1,0,0,0
1932,2018/8/26,周至县板房子,1950,43.4,922,63,11,1.1,35.6,4,1,1,1,0,0
1934,2011/8/24,周至县马召,2063,28.7,1500,74,14,0.6,15.6,0,0,0,0,0,0
1938,2023/7/15,鄠邑区蒋村,2166,37.7,218,62,1,0.9,42.5,5,0,1,1,0,0
1939,2016/9/9,周至县厚畛子,1054,26.9,646,63,31,1.1,20.5,0,0,0,0,0,0
1940,2019/5/11,长安区沣峪,2117,37.8,265,87,34,1.1,16.7,2,0,1,0,0,0
1941,2012/7/24,蓝田县九间房,2443,37.7,535,83,34,1,12.1,5,0,0,0,0,0
1945,2013/7/28,灞桥区狄寨,840,16.7,801,41,37,0.7,32,1,0,0,0,0,0
1946,2017/12/30,灞桥区席王,540,13.9,58,48,34,0.7,11.8,1,1,1,1,0,0
1952,2023/6/1,周至县板房子,1747,22.4,111,87,18,1.2,40,3,0,0,0,0,0
1953,2011/7/2,灞桥区白鹿塬,791,19.8,285,53,11,0.9,11.2,1,0,1,1,0,0
1954,2018/7/18,临潼区骊山,332,36.7,78,55,26,0.6,9.8,1,0,1,0,0,1
1955,2021/8/21,灞桥区白鹿塬,935,18.5,164,43,4,1.1,14.2,1,0,1,0,0,0
1960,2012/9/14,周至县厚畛子,1187,43.8,317,57,19,1,12.7,4,0,1,1,0,0
1961,2023/8/24,蓝田县汤峪,975,36.6,281,84,34,0.7,32.9,2,0,0,0,0,0
1963,2014/7/11,周至县板房子,1797,50,233,55,21,0.7,8.7,4,1,0,0,0,0
1964,2022/8/25,雁塔区杜城,955,22.4,574,30,3,1,13,0,0,0,0,0,0
1965,2010/7/17,蓝田县九间房,2449,30.6,250,93,31,0.9,22.6,3,0,0,0,0,1
1966,2020/6/12,鄠邑区甘河,2040,50,811,40,28,1.2,10.1,3,1,1,1,0,0
1971,2012/7/12,长安区沣峪,1949,39.9,182,40,12,1,5.2,3,1,1,1,0,0
1972,2017/9/17,灞桥区白鹿塬,974,31.2,980,56,16,0.8,17.6,1,0,0,0,0,0
1973,2010/11/2,长安区沣峪,1547,50,719,40,39,0.9,16.7,0,1,0,0,0,1
1974,2022/6/30,长安区蒿沟,1414,35.9,491,60,29,1.2,20,2,0,0,0,0,0
1975,2013/10/27,周至县广济,1865,20.9,245,58,21,0.8,15.3,4,0,1,1,0,0
1978,2021/7/2,鄠邑区玉蝉,1705,48.1,253,95,28,1.1,22.9,3,0,0,0,0,0
1984,2021/10/10,长安区蒿沟,1975,33.4,513,52,23,1.1,18.5,2,0,0,0,0,0
1985,2020/9/18,鄠邑区玉蝉,2082,46.1,37,86,26,0.8,27.1,0,0,0,0,0,0
1987,2023/7/6,长安区子午峪,1747,35.9,702,95,28,0.9,9.4,3,0,0,0,0,0
1990,2017/7/13,周至县广济,2133,41.6,211,51,22,1.1,32.9,0,0,0,0,0,0
1991,2015/7/15,雁塔区电子城,419,18,1058,54,1,1,8.5,1,0,0,0,0,0
1994,2023/8/10,长安区太乙宫,2342,36,132,82,0,1,8.6,2,1,1,0,0,0
1999,2023/9/15,鄠邑区甘河,1032,26.3,253,69,25,0.7,40,3,0,0,0,0,0
2001,2010/5/25,雁塔区杜城,900,13.1,831,30,19,0.9,23.8,0,0,0,0,0,1
2002,2022/8/14,周至县马召,2457,30.4,251,78,32,0.8,20.7,5,0,1,0,0,0
2003,2016/9/11,鄠邑区甘河,2127,36.4,497,40,26,1.1,13.8,0,1,1,0,0,0
2004,2020/7/7,灞桥区白鹿塬,749,15.9,263,35,11,0.9,40,1,1,1,1,0,0
2005,2015/9/14,鄠邑区蒋村,2293,39.2,280,40,0,0.7,22,5,1,1,1,0,0
2006,2019/9/18,蓝田县玉川,1106,34.7,944,76,32,0.6,11.8,2,0,1,1,0,1
2007,2010/9/13,雁塔区曲江,616,21.6,46,30,35,1,15.2,0,0,1,1,0,0
2008,2010/9/24,灞桥区洪庆,803,23.1,477,30,11,0.9,20,1,1,1,1,0,0
2009,2010/7/2,鄠邑区祖庵,1207,29,1040,63,40,0.9,76,3,0,1,0,0,0
2010,2020/9/20,周至县板房子,1846,30.2,207,49,27,0.7,37.8,5,0,1,0,0,0
2013,2020/9/14,鄠邑区玉蝉,2294,39.5,130,67,3,0.6,22.8,0,0,0,0,0,0
2016,2020/8/22,临潼区斜口,410,45.3,235,38,29,0.7,58,0,0,0,0,0,0
2017,2017/7/25,未央区六村堡,414,26.3,96,30,19,1.2,15.4,1,1,1,1,0,0
2018,2018/9/4,周至县马召,2151,50,130,75,0,0.9,30.8,0,0,1,1,0,0
2019,2017/9/30,临潼区斜口,890,33.1,210,31,13,0.8,16.9,0,1,1,1,0,0
2020,2023/11/13,鄠邑区蒋村,2463,46.7,663,54,22,0.8,25.3,0,1,1,1,0,0
2022,2020/1/25,长安区子午峪,1782,27.5,51,72,34,1.2,18.6,0,0,0,0,0,1
2023,2017/7/24,雁塔区曲江,827,16.3,154,40,7,0.8,11.8,0,1,1,1,0,0
2024,2021/5/20,未央区未央宫,731,24.9,140,56,33,0.9,30,1,0,1,1,0,0
2025,2021/6/26,周至县王家河,1317,50,405,95,6,0.7,60,4,0,1,1,0,0
2031,2014/9/24,鄠邑区玉蝉,1025,30.9,241,42,11,1.1,12,5,0,1,1,0,0
2033,2014/8/10,临潼区骊山,359,46.3,801,30,7,1,10.2,0,0,0,0,0,0
2036,2012/11/2,临潼区骊山,841,33.2,216,70,1,0.6,46,1,0,0,0,0,0
2037,2018/10/14,鄠邑区祖庵,2215,42.4,546,61,18,1.1,38.3,0,0,0,0,0,1
2038,2013/2/3,阎良区武屯,609,25,249,53,17,0.7,5,1,1,1,1,0,0
2039,2022/10/10,蓝田县汤峪,2317,46.4,396,93,13,0.6,19.4,2,1,0,1,0,0
2040,2021/9/12,鄠邑区蒋村,848,33.4,677,72,13,0.8,5.8,5,0,1,1,0,0
2041,2018/12/31,周至县厚畛子,2109,42,1,82,28,1,19,0,0,0,0,0,0
2042,2019/10/12,未央区谭家,605,25.4,31,51,3,1.2,20.8,1,1,1,1,0,1
2043,2020/7/10,灞桥区狄寨,463,25.2,1,30,11,0.7,19.3,1,0,1,0,0,0
2045,2022/8/22,鄠邑区玉蝉,1005,38.6,643,89,11,0.7,21.5,3,1,0,0,0,0
2047,2013/7/16,蓝田县蓝关,1506,44.7,415,85,6,0.6,20.6,5,1,1,1,0,0
2048,2012/10/5,灞桥区席王,405,19.3,200,30,16,0.9,31.7,1,1,1,1,0,1
2050,2014/7/11,周至县板房子,1411,50,294,77,32,1,40,3,0,1,0,0,0
2052,2021/6/20,雁塔区曲江,601,20.6,225,30,12,1,20,0,0,0,0,0,0
2053,2022/6/1,阎良区武屯,582,17.6,174,80,14,0.9,32.4,4,0,0,0,0,0
2055,2021/1/1,临潼区斜口,939,29.7,509,30,13,1.2,11.4,2,0,1,1,0,0
2060,2021/10/13,鄠邑区甘河,1174,25.3,143,89,39,1.2,26.7,5,0,1,0,0,0
2061,2016/7/24,周至县马召,1015,49.1,398,67,21,1,7.1,0,0,0,0,0,0
2062,2011/5/25,临潼区代王,659,22,324,56,16,0.8,40,2,0,0,0,0,0
2063,2012/7/3,高陵区通远,869,25.1,263,44,13,0.7,16.2,4,0,0,0,0,0
2064,2015/9/17,长安区子午峪,2161,35.9,368,49,8,1.2,22.9,0,1,1,1,0,0
2067,2019/10/30,周至县厚畛子,2176,41.2,644,40,36,0.7,21.8,5,1,1,1,0,0
2070,2012/7/2,临潼区骊山,532,38.4,254,30,35,0.8,17.1,0,1,1,1,0,0
2071,2018/7/20,临潼区斜口,412,27.9,173,80,27,0.6,16,1,1,1,1,0,0
2072,2019/6/17,长安区小峪,1420,21.1,410,95,9,1.2,9.1,2,0,0,0,0,0
2073,2011/7/28,蓝田县玉川,1799,34.2,199,86,5,0.9,42,3,0,0,0,0,0
2074,2016/2/8,灞桥区席王,619,21.5,39,30,0,0.6,18.5,1,1,1,1,0,0
2075,2012/9/13,鄠邑区玉蝉,1607,27.9,265,95,40,0.7,21.1,0,0,0,0,0,0
2076,2022/7/26,长安区沣峪,2081,24.3,241,40,17,1.2,18.1,2,1,1,0,0,0
2078,2018/8/6,灞桥区席王,518,14.3,118,54,12,0.6,16,1,0,0,0,0,0
2079,2022/9/1,长安区蒿沟,1882,28.8,29,70,15,0.6,10.9,2,1,1,1,0,0
2082,2021/9/11,长安区子午峪,1515,39.5,176,70,22,0.8,25,3,1,1,1,0,0
2085,2011/3/7,周至县王家河,2159,29.7,432,60,35,0.6,7.1,3,0,0,0,0,1
2086,2019/1/8,长安区沣峪,2451,32.8,96,68,5,1,20,3,1,0,0,0,0
2087,2021/7/11,灞桥区洪庆,482,22.7,219,34,8,0.7,19,1,1,0,0,0,0
2088,2018/12/30,周至县板房子,1438,32.7,140,85,26,1.2,30.8,3,0,1,0,0,1
2089,2018/9/4,长安区蒿沟,1641,35.1,45,91,34,1.1,24.5,2,1,0,1,0,0
2090,2017/8/11,蓝田县蓝关,2356,20,985,74,1,0.6,14.7,2,1,0,0,0,0
2091,2020/9/1,灞桥区席王,999,18.4,416,55,30,0.9,23.3,1,0,0,0,0,0
2093,2014/7/24,蓝田县葛牌,2371,25.6,518,78,15,0.8,11.1,2,0,0,0,0,0
2100,2012/7/29,长安区沣峪,2012,20.5,21,92,39,1,5.4,0,0,0,0,0,1
2101,2018/1/29,灞桥区洪庆,757,28.2,58,37,32,0.8,8.1,1,0,1,0,0,0
2102,2018/8/4,蓝田县汤峪,800,48.4,4,80,16,1.2,33.8,5,1,1,1,0,0
2106,2012/9/6,未央区谭家,882,21.6,568,33,22,0.6,20.8,1,1,1,1,0,0
2107,2013/9/5,长安区太乙宫,2156,29.7,89,74,4,1,28.5,3,0,1,0,0,0
2109,2010/8/22,鄠邑区甘河,1875,26.5,645,54,25,1.2,13.5,5,0,0,0,0,0
2110,2015/8/8,灞桥区洪庆,471,22.2,430,33,19,0.7,20,1,0,1,1,0,0
2111,2011/10/13,长安区太乙宫,2496,46.1,4,95,24,1,29.5,3,0,1,0,0,0
2113,2022/7/30,蓝田县玉川,1667,41.7,284,64,10,0.6,33.7,5,0,0,0,0,1
2116,2010/5/5,高陵区鹿苑,306,20.3,137,30,38,0.7,16.7,4,0,1,0,0,0
2122,2013/7/3,临潼区骊山,535,31.5,55,62,25,0.9,7.3,2,0,1,1,0,0
2123,2012/9/18,雁塔区电子城,506,23.9,88,43,30,0.8,24,0,0,1,1,0,0
2125,2016/10/5,周至县板房子,1176,34.6,1249,41,4,0.7,18.9,0,1,1,0,0,0
2127,2022/7/26,周至县板房子,1726,43,143,90,33,0.7,41.3,0,1,1,1,0,0
2129,2014/6/20,灞桥区席王,306,16.6,403,30,1,0.7,28.8,1,1,1,1,0,1
2130,2023/8/2,灞桥区白鹿塬,710,22.6,675,39,17,0.6,17.8,1,0,1,1,0,0
2131,2014/11/20,未央区未央宫,913,21.3,75,73,35,1,36.9,1,0,0,0,0,0
2132,2017/8/2,长安区太乙宫,1995,30.2,41,57,7,0.6,51.6,2,0,0,0,0,0
2133,2019/9/27,鄠邑区玉蝉,2083,24.3,239,81,35,0.6,23.3,3,0,0,0,0,0
2134,2022/5/29,周至县马召,1978,29.4,917,65,30,1.1,80,4,0,0,0,0,0
2136,2010/7/9,长安区小峪,1418,24.3,387,49,10,1,15,3,0,0,0,0,0
2140,2021/10/9,雁塔区杜城,775,12.9,284,30,20,1.2,8.2,0,0,1,0,0,0
2143,2019/9/27,长安区蒿沟,1828,29.3,27,94,29,0.6,7.5,3,0,0,0,0,0
2145,2020/9/14,周至县马召,1398,20,234,61,29,0.6,7.8,0,0,0,0,0,0
2146,2012/9/25,长安区小峪,2335,39.1,659,81,26,0.9,9.3,3,1,0,0,0,0
2148,2017/7/19,蓝田县玉川,1901,24.9,333,50,7,1.1,7,3,0,1,0,0,0
2149,2020/6/27,长安区太乙宫,2272,24.3,815,50,12,0.6,17.7,3,0,0,0,0,0
2150,2013/7/6,鄠邑区蒋村,1937,35.4,149,40,15,0.8,27.6,4,0,1,1,0,0
2151,2023/7/29,蓝田县蓝关,2173,24.3,330,67,4,1,33.1,0,1,1,0,0,0
2152,2013/6/18,长安区子午峪,2100,32.9,271,40,5,0.6,40,3,1,1,0,0,0
2153,2023/9/20,周至县王家河,1373,42.6,268,70,17,0.9,32.9,3,0,0,0,0,0
2156,2015/7/11,鄠邑区涝峪,1570,36.8,729,81,25,0.6,21.7,3,0,1,0,0,0
2159,2017/10/23,长安区蒿沟,1188,46.8,278,40,23,0.8,12.3,3,1,1,1,0,0
2160,2014/7/18,蓝田县九间房,2413,32,9,40,38,1.1,10.1,0,1,1,0,0,0
2161,2019/8/28,长安区小峪,827,29,224,73,21,1.2,8,3,0,1,1,0,0
2162,2016/7/11,灞桥区席王,658,25.5,171,74,12,0.9,21.8,1,0,1,1,0,0
2163,2010/7/22,临潼区零口,707,46.2,183,64,5,0.9,29.6,1,0,0,0,0,0
2164,2018/9/24,灞桥区洪庆,726,15.7,84,52,32,1.2,11.8,1,1,1,1,0,0
2165,2016/7/18,长安区引镇,2068,29,299,40,9,0.7,15.9,2,1,1,1,0,0
2166,2010/1/14,鄠邑区蒋村,2484,35.1,314,73,5,0.9,15.4,0,0,0,0,0,0
2168,2022/10/5,高陵区耿镇,946,13.7,170,57,37,0.6,18.8,1,0,1,1,0,1
2170,2013/9/23,长安区小峪,2456,20,217,60,9,0.7,8.4,2,0,0,0,0,0
2171,2021/9/14,长安区引镇,872,40,754,67,0,0.7,5,2,0,0,0,0,0
2174,2020/6/10,灞桥区席王,959,21,58,30,35,0.8,9.9,1,0,0,0,0,0
2176,2013/11/2,蓝田县玉川,1942,43,633,67,38,1.2,6.3,2,1,1,0,0,0
2177,2017/7/5,雁塔区杜城,748,23.9,444,30,25,0.7,24.2,1,0,1,0,0,1
2178,2016/7/13,周至县王家河,2163,26.9,114,92,0,1.2,37.4,5,0,0,0,0,0
2182,2022/9/6,长安区太乙宫,1608,24.1,988,45,24,0.9,8.9,3,0,1,0,0,0
2183,2023/7/30,临潼区斜口,453,26.3,458,30,34,0.9,14.8,1,0,0,0,0,1
2185,2023/5/21,周至县厚畛子,1124,32.6,299,95,40,0.8,8.5,5,0,1,1,0,0
2188,2018/9/21,临潼区斜口,852,43,154,30,20,0.8,22.8,1,1,0,0,0,0
2190,2016/8/25,长安区小峪,1367,39.7,344,43,37,0.7,23.6,3,1,1,1,0,0
2191,2014/6/17,雁塔区曲江,470,27.4,248,36,32,1.2,6.7,1,1,0,0,0,0
2192,2018/7/25,鄠邑区涝峪,1923,21.4,72,40,23,0.7,38.5,0,0,1,0,0,0
2197,2020/7/24,长安区蒿沟,1149,31.3,803,40,19,0.8,16.7,0,0,0,0,0,1
2198,2020/5/29,蓝田县玉川,872,23.4,478,81,22,0.8,41.1,0,0,0,0,0,0
2199,2010/3/6,周至县厚畛子,1771,26,152,90,7,0.6,37.5,5,0,0,0,0,0
2200,2018/7/20,灞桥区白鹿塬,651,10,108,80,35,0.8,17.1,1,0,1,1,0,0
2201,2022/8/25,灞桥区狄寨,670,30.7,42,53,27,1.2,8.1,1,1,1,1,0,0
2202,2020/9/17,蓝田县葛牌,2406,37.6,415,82,40,0.8,22.2,0,1,1,1,0,0
2204,2017/9/19,蓝田县蓝关,1747,43.6,809,59,4,0.7,24.2,3,1,0,1,0,0
2207,2023/8/19,灞桥区席王,673,20.6,646,55,33,1.1,44,1,0,0,0,0,0
2208,2020/9/14,未央区六村堡,965,27,411,50,7,1.2,13.8,1,0,0,0,0,1
2209,2014/9/28,鄠邑区祖庵,1183,20,210,73,10,0.9,10.2,5,0,0,0,0,0
2211,2012/6/9,长安区子午峪,2489,28.1,882,40,24,0.8,27.7,3,1,1,0,0,0
2212,2015/6/11,灞桥区席王,770,20.7,210,30,2,0.7,7.9,1,0,1,0,0,0
2214,2019/9/11,未央区六村堡,854,19.3,214,30,3,1.2,16.4,1,0,0,0,0,0
2215,2017/6/24,长安区沣峪,903,30.8,333,76,19,0.8,56,0,1,1,1,0,0
2216,2010/9/10,灞桥区洪庆,495,18.6,544,80,1,0.8,32.6,1,1,0,0,0,0
2218,2023/8/3,灞桥区白鹿塬,566,31.8,761,65,10,0.6,17.1,1,0,0,0,0,0
2220,2021/7/12,灞桥区狄寨,639,23.8,97,37,27,0.6,20,1,1,1,1,0,0
2221,2020/8/2,阎良区关山,920,23.3,420,30,36,0.8,9.6,1,1,1,0,0,0
2224,2010/7/23,长安区小峪,1933,36.7,145,51,12,0.6,68,3,0,1,1,0,0
2225,2021/10/12,灞桥区席王,783,19.1,556,30,18,0.6,18.8,1,1,0,1,0,0
2227,2021/9/13,雁塔区曲江,531,20.7,155,30,15,0.9,20,0,0,0,0,0,0
2229,2014/11/21,鄠邑区蒋村,1031,33,339,40,18,1.2,21.6,0,0,1,1,0,0
2231,2011/10/21,长安区小峪,2375,48.6,783,95,31,0.7,30.3,2,0,1,1,0,0
2236,2011/8/25,周至县厚畛子,1472,31.5,130,59,8,1,29.1,5,1,0,1,0,0
2238,2022/8/2,长安区引镇,1828,33.9,644,45,0,0.9,40,3,1,0,0,0,0
2245,2019/9/20,灞桥区白鹿塬,823,22.7,508,56,5,1.2,21.3,1,0,0,0,0,0
2252,2018/7/16,周至县广济,2217,28.8,513,92,23,1.1,15.2,3,0,0,0,0,0
2253,2016/3/22,鄠邑区祖庵,1777,49.7,929,84,23,0.6,36.6,4,1,0,0,0,0
2254,2020/12/20,临潼区斜口,619,39.7,102,39,25,1.2,10.4,0,0,0,0,0,0
2256,2015/9/20,灞桥区洪庆,731,19.6,528,57,30,1.2,13,1,1,1,1,0,1
2260,2010/8/24,蓝田县玉川,1869,35.1,192,82,13,0.6,34.8,3,1,1,1,0,0
2262,2010/5/3,长安区太乙宫,1893,43,185,71,30,0.7,23.5,2,1,0,1,0,0
2263,2015/9/9,灞桥区席王,842,23.4,352,52,9,0.9,31.7,1,1,1,1,0,1
2264,2011/7/24,周至县广济,2012,38.9,286,95,19,1.1,44,4,1,1,0,0,0
2265,2015/8/2,长安区引镇,2453,36.8,18,69,36,1,16.7,0,0,1,0,0,0
2267,2019/7/8,周至县马召,2367,25.8,20,54,10,0.7,15.6,3,0,1,1,0,0
2269,2017/7/9,周至县马召,1747,33,62,40,9,1,28.6,3,0,1,1,0,0
2272,2016/10/1,周至县厚畛子,1792,36.8,251,94,31,0.7,36.4,0,0,0,0,0,0
2273,2021/8/10,未央区谭家,954,24.2,708,30,39,0.8,17.8,1,1,1,1,0,1
2274,2018/8/15,周至县板房子,2403,24.7,269,64,35,0.9,17.8,5,0,1,0,0,0
2276,2012/10/27,长安区引镇,2361,30.2,668,70,39,1.2,24.3,3,0,1,1,0,0
2281,2021/8/30,蓝田县蓝关,2070,27.6,553,82,35,1.1,7.7,3,0,0,0,0,0
2282,2019/5/10,灞桥区白鹿塬,591,25,240,64,27,0.6,32.3,1,0,1,0,0,0
2283,2022/5/19,周至县厚畛子,2321,33.6,236,62,18,0.9,18.4,5,1,1,1,0,0
2284,2017/7/1,长安区太乙宫,2194,25.9,172,40,40,0.8,9.8,3,0,1,0,0,0
2285,2018/10/9,周至县马召,1700,25.8,245,94,17,0.7,22.7,3,0,1,0,0,0
2289,2010/9/14,鄠邑区玉蝉,1688,32.5,80,88,15,0.9,30.8,4,0,1,0,0,0
2294,2015/7/28,临潼区代王,710,31.8,1105,50,16,1.2,30,2,0,1,0,0,1
2295,2015/7/28,高陵区鹿苑,823,17.5,950,47,36,1.1,23.6,4,0,0,0,0,0
2296,2012/8/31,周至县马召,1716,39.2,22,77,3,0.7,60,0,0,0,0,0,0
2297,2010/9/23,蓝田县汤峪,1219,33.2,505,76,6,1.2,40,3,0,1,0,0,0
2298,2022/7/18,长安区引镇,993,47.2,131,41,34,1,11.6,0,0,1,1,0,0
2299,2021/7/20,灞桥区席王,381,11.6,232,41,0,1.2,11.6,1,1,1,0,0,1
2300,2023/9/26,灞桥区席王,310,18.9,8,34,28,0.9,25.8,1,0,1,0,0,0
2301,2016/9/29,蓝田县葛牌,1809,47.4,597,64,32,0.6,16.7,0,0,0,0,0,0
2302,2020/10/1,灞桥区白鹿塬,944,14.3,209,37,9,0.7,10.4,1,0,1,0,0,1
2303,2022/7/10,鄠邑区祖庵,1378,34.4,404,40,7,1.2,33.3,3,1,1,1,0,0
2304,2023/8/20,鄠邑区蒋村,1286,46.3,83,61,30,1.1,36.4,0,0,0,0,0,0
2305,2013/2/6,临潼区代王,879,36.6,195,80,15,1.1,30,1,1,0,0,0,0
2306,2019/7/11,临潼区骊山,886,26,256,61,1,0.8,36.8,0,0,1,1,0,0
2307,2013/7/21,蓝田县九间房,2326,35.3,200,40,23,0.9,21.8,5,1,1,1,0,0
2309,2011/9/30,未央区谭家,460,18.3,106,30,24,0.7,20,1,0,0,0,0,0
2311,2020/7/8,灞桥区白鹿塬,411,10,275,30,38,0.7,21.5,1,0,0,0,0,1
2313,2022/7/8,周至县广济,2415,32,123,40,22,0.8,28.4,3,1,1,0,0,0
2315,2013/5/13,长安区引镇,1896,36.4,694,43,34,0.6,6.6,2,0,1,0,0,0
2316,2013/7/1,长安区沣峪,1996,24.5,149,83,27,1.1,19.2,2,1,0,1,0,0
2317,2012/9/26,雁塔区曲江,838,15.2,47,40,24,1.1,22,0,0,1,0,0,0
2318,2023/8/15,临潼区骊山,506,26.4,155,30,37,1,9.3,0,0,1,0,0,0
2321,2020/9/4,灞桥区白鹿塬,767,17.2,10,67,1,0.8,10,1,0,1,0,0,0
2326,2016/7/27,周至县王家河,2478,46.1,493,80,20,1,14,5,0,1,0,0,0
2328,2010/9/29,蓝田县九间房,1424,43.7,140,60,27,0.9,21.5,3,1,1,1,0,0
2329,2014/8/9,鄠邑区涝峪,1199,35.6,37,76,27,0.9,52,5,0,0,0,0,0
2330,2010/8/28,蓝田县汤峪,2000,38.5,508,95,9,1.1,20,5,1,0,1,0,0
2333,2021/8/19,蓝田县玉川,2483,39.2,843,86,18,0.6,38.8,2,0,0,0,0,0
2335,2020/9/7,周至县广济,1377,35.8,1111,95,30,0.8,19.3,5,0,1,1,0,0
2336,2020/8/31,鄠邑区祖庵,1684,50,672,95,31,1.1,7.5,3,1,0,0,0,0
2337,2017/6/30,临潼区斜口,974,39.4,84,30,31,1.2,18.9,2,0,1,0,0,0
2338,2016/7/14,未央区未央宫,318,11.7,1256,30,36,1.1,11.7,1,0,1,1,0,1
2340,2017/8/25,周至县板房子,917,36.1,314,95,36,1.2,80,5,0,1,0,0,0
2341,2015/7/1,灞桥区白鹿塬,833,14.7,250,56,21,1.2,31.7,1,1,0,1,0,0
2342,2014/7/13,雁塔区电子城,875,12.6,179,33,18,1.1,22.5,0,0,1,1,0,1
2343,2017/9/7,长安区小峪,896,37.8,32,94,19,1.1,5.4,3,1,1,1,0,0
2344,2023/4/14,临潼区代王,869,35.4,11,75,12,0.8,6,2,0,0,0,0,0
2348,2019/8/13,周至县广济,2462,45.8,120,74,10,0.9,24.8,0,0,1,1,0,0
2349,2011/6/19,未央区未央宫,806,14.6,341,55,6,0.9,24,1,0,0,0,0,0
2352,2020/10/2,长安区引镇,928,34.9,519,94,3,1,16,3,0,0,0,0,0
2354,2011/9/27,临潼区零口,493,41.9,473,67,18,1,9.3,1,0,0,0,0,0
2355,2021/8/4,鄠邑区蒋村,1349,45,604,74,5,0.7,17.4,4,1,0,0,0,0
2356,2015/8/1,长安区小峪,1511,41.5,189,89,29,1,20.7,0,0,1,1,0,0
2360,2018/8/19,蓝田县九间房,1539,32.3,318,95,27,0.7,11.9,3,0,1,0,0,0
2361,2011/9/14,周至县广济,1935,20,303,95,39,0.8,36.4,0,0,0,0,0,0
2363,2013/9/27,灞桥区狄寨,770,23.5,603,80,23,1.2,15.7,1,1,1,1,0,0
2364,2019/9/6,长安区子午峪,2468,27.9,99,87,33,0.7,54,3,0,0,0,0,0
2365,2013/9/11,周至县广济,1381,28.4,226,40,35,1,12.2,3,0,1,0,0,0
2366,2018/9/12,鄠邑区涝峪,2022,31.5,23,82,10,1.1,24.5,3,1,1,1,0,0
2367,2014/7/28,灞桥区席王,335,21.9,555,30,0,0.7,29.2,1,0,0,0,0,0
2369,2017/9/3,灞桥区席王,716,15.9,133,30,29,1.2,25.2,1,1,1,1,0,1
2371,2019/7/19,临潼区骊山,556,40.2,161,76,37,0.7,25,1,0,1,0,0,0
2372,2017/7/5,临潼区骊山,527,35.7,43,56,24,1,36.4,1,0,1,1,0,0
2373,2023/9/30,周至县板房子,1591,38.1,97,40,6,0.6,28,4,1,1,0,0,0
2376,2012/9/6,周至县板房子,2152,36.7,8,60,19,1.2,14.3,4,0,0,0,0,0
2377,2022/6/28,周至县马召,1814,35.1,404,40,4,0.6,12.6,4,1,1,1,0,0
2379,2022/8/20,周至县板房子,1578,42.5,149,40,15,0.9,17.1,5,0,1,0,0,0
2380,2016/7/3,长安区小峪,1986,44.5,133,74,0,1.1,28.8,3,0,1,0,0,0
2384,2011/7/6,长安区子午峪,948,25.3,147,77,37,0.8,26.7,3,0,1,0,0,0
2385,2014/7/4,灞桥区狄寨,727,23.6,157,30,23,1,12.3,1,0,1,0,0,0
2386,2014/9/4,灞桥区狄寨,329,17.2,331,50,2,0.7,20,1,0,1,0,0,0
2387,2014/6/3,鄠邑区玉蝉,1944,36.1,634,84,6,1.2,8.3,0,0,0,0,0,1
2388,2016/8/28,高陵区耿镇,906,14.4,492,59,32,0.8,16,1,0,0,0,0,0
2389,2011/5/23,阎良区关山,584,10,135,30,13,1.1,10.5,4,0,1,0,0,0
2395,2020/7/13,周至县王家河,1555,36,512,65,17,1.2,32,3,0,0,0,0,0
2397,2016/7/22,周至县板房子,1898,47.9,199,84,30,1.1,24.1,4,0,0,0,0,0
2398,2023/6/17,长安区太乙宫,1731,49.7,7,48,6,0.8,23.5,0,1,1,1,0,0
2404,2013/10/1,鄠邑区祖庵,1894,37.4,105,54,10,0.9,17.4,4,0,1,1,0,0
2405,2014/7/28,雁塔区电子城,625,18.4,1019,61,39,1.2,15.2,0,0,0,0,0,1
2406,2019/7/3,周至县马召,809,33.5,379,71,37,0.6,22.6,4,0,1,0,0,0
2408,2023/8/14,周至县马召,978,29,134,43,1,0.9,7.2,5,0,0,0,0,0
2409,2014/10/27,长安区蒿沟,1990,25.4,102,51,32,1.2,26.5,3,0,1,0,0,0
2410,2022/7/29,高陵区通远,465,23.1,876,80,30,1,20,1,0,0,0,0,0
2411,2015/10/10,周至县广济,1916,37.7,519,74,27,0.7,55.4,5,1,0,0,0,0
2412,2017/11/11,雁塔区杜城,810,19.1,532,63,15,0.9,18.8,1,1,0,1,0,0
2413,2020/5/27,鄠邑区甘河,2333,44.7,101,77,11,0.9,11.6,4,0,1,1,0,0
2416,2022/10/5,长安区沣峪,2477,31.3,571,42,13,0.8,13,3,0,0,0,0,0
2417,2011/9/23,高陵区鹿苑,502,18.1,300,63,30,0.8,14.1,1,0,0,0,0,1
2420,2020/8/30,临潼区零口,635,41.6,218,34,7,0.7,6.7,2,1,1,1,0,0
2421,2020/9/14,周至县板房子,2417,38,40,95,19,0.8,50,5,1,1,1,0,0
2422,2023/9/1,周至县板房子,1471,39.8,94,94,6,1,17.1,0,1,0,0,0,0
2423,2017/8/25,临潼区代王,418,41.5,550,30,2,0.8,22.1,0,0,1,1,0,0
2424,2010/11/18,长安区蒿沟,2162,38.9,341,82,9,0.6,17.4,2,1,0,1,0,0
2425,2022/9/21,蓝田县葛牌,2117,49.6,790,40,37,1.1,35.7,2,1,1,1,0,0
2427,2010/7/3,长安区子午峪,1690,33.4,22,69,22,0.6,24.4,3,0,1,1,0,0
2428,2014/7/13,高陵区通远,553,19.4,428,44,3,0.9,29.2,4,0,0,0,0,0
2429,2012/7/1,临潼区零口,485,31.5,638,30,3,0.6,9.3,0,1,0,0,0,0
2431,2023/8/10,灞桥区洪庆,506,16.3,527,61,38,1,26,1,0,0,0,0,0
2434,2014/10/10,周至县广济,1453,33.5,83,84,18,0.9,20.6,3,0,0,0,0,0
2437,2015/9/1,高陵区通远,362,23.5,110,30,15,1,9.2,4,1,0,1,0,0
2438,2014/9/8,高陵区通远,303,19.2,188,65,32,1.2,28.3,4,0,0,0,0,0
2439,2012/11/23,灞桥区白鹿塬,759,23.8,184,30,37,0.7,24,1,0,0,0,0,0
2441,2011/9/11,周至县马召,2368,46.9,22,71,30,1.1,25,5,0,0,0,0,0
2442,2016/6/11,未央区谭家,565,24.3,188,53,27,0.7,15.3,1,1,0,0,0,1
2443,2014/9/13,蓝田县葛牌,1120,35.4,1088,62,25,0.6,16.2,0,1,1,1,0,0
2445,2022/9/10,蓝田县蓝关,2318,43.2,114,95,14,0.9,16.2,5,1,1,1,0,0
2446,2021/12/4,灞桥区席王,627,23.6,697,36,39,0.6,18.8,1,1,0,0,0,0
2448,2012/6/10,长安区太乙宫,2261,20,444,57,8,1.1,11.6,2,0,0,0,0,0
2449,2017/8/5,雁塔区电子城,867,10,23,39,6,1.1,15.5,0,1,1,1,0,0
2450,2014/5/5,临潼区代王,629,33.3,714,46,21,1.1,21.7,2,1,1,1,0,0
2453,2015/11/3,未央区六村堡,752,14.2,161,78,36,1,22,1,1,1,1,0,0
2455,2011/7/22,临潼区零口,346,37.5,503,44,18,0.9,21.7,0,1,1,1,0,0
2456,2010/10/24,未央区谭家,434,24.2,180,50,0,1.1,21.8,1,0,0,0,0,0
2458,2011/8/5,鄠邑区祖庵,2274,34.9,84,68,39,0.9,30.9,0,0,1,0,0,0
2462,2017/7/23,长安区沣峪,1487,28,247,93,0,1,11.8,2,0,0,0,0,0
2463,2018/7/4,长安区蒿沟,1523,44.7,161,41,34,0.6,28.9,0,0,1,1,0,0
2469,2022/9/23,灞桥区白鹿塬,589,20.4,191,48,22,1,32,1,1,1,1,0,0
2470,2011/9/3,雁塔区杜城,670,16.4,311,80,14,0.7,9.6,1,1,0,0,0,0
2472,2010/9/12,临潼区零口,796,37,518,30,32,0.6,28.8,2,0,0,0,0,0
2473,2010/3/1,未央区未央宫,878,23,678,30,21,1,12.1,1,1,0,0,0,0
2474,2021/10/28,灞桥区洪庆,715,15.6,459,54,17,0.7,22.2,1,1,0,1,0,0
2475,2017/10/10,临潼区骊山,574,30.3,258,37,11,0.6,12.9,0,1,1,1,0,0
2476,2010/5/9,雁塔区电子城,350,12.1,233,54,0,1,26.4,0,0,0,0,0,1
2477,2012/12/14,周至县广济,1839,33,530,87,13,1.2,14.8,5,1,0,1,0,1
2478,2012/8/6,蓝田县葛牌,2035,29.8,415,40,25,1.1,11.1,0,0,0,0,0,0
2482,2023/9/9,蓝田县玉川,2468,24.8,992,40,7,1,40,0,0,1,0,0,0
2483,2020/9/23,周至县马召,2233,32.8,163,50,36,0.7,11.4,4,0,0,0,0,0
2484,2013/8/18,雁塔区电子城,987,24.2,378,51,11,1.2,14.3,0,0,1,0,0,0
2486,2010/10/9,鄠邑区玉蝉,1948,34.8,261,92,19,0.9,30,5,0,1,0,0,0
2490,2010/10/19,长安区太乙宫,1136,24.6,12,82,12,0.9,13.8,0,0,0,0,0,0
2491,2017/6/7,未央区谭家,537,10.4,104,67,18,0.8,24,1,0,1,0,0,1
2493,2017/10/19,鄠邑区涝峪,1893,20,138,95,0,0.9,14.5,5,0,1,0,0,0
2494,2014/7/2,雁塔区曲江,999,14.6,52,30,28,1,11.2,0,1,1,1,0,1
2496,2017/7/6,蓝田县九间房,2433,34.5,85,74,4,1.2,24.8,0,0,1,1,0,0
2497,2021/9/30,蓝田县蓝关,1857,23.5,30,95,16,1,20,3,0,0,0,0,0
2498,2017/9/7,灞桥区席王,510,28.8,92,30,15,0.6,45.5,1,0,1,1,0,0
2502,2013/5/30,未央区谭家,661,17.9,421,55,26,1,12.5,1,1,0,0,0,0
2504,2019/8/13,高陵区鹿苑,713,16.9,107,30,22,0.7,18.4,4,0,1,0,0,0
2506,2021/10/11,鄠邑区甘河,2208,40.4,49,80,31,1.1,68,3,0,1,0,0,1
2509,2015/7/10,长安区引镇,2425,37.3,150,70,39,0.9,48,2,1,1,0,0,0
2510,2022/9/26,临潼区斜口,508,29.6,561,65,3,0.9,18.2,2,0,0,0,0,0
2513,2018/8/15,周至县板房子,1149,26.3,10,40,32,1.1,36.4,3,0,0,0,0,0
2514,2020/9/23,灞桥区洪庆,673,15.6,472,36,22,1.1,28.6,1,0,1,0,0,0
2516,2019/9/15,长安区太乙宫,1846,50,544,91,11,0.8,18.8,3,1,1,1,0,1
2518,2022/7/8,雁塔区电子城,567,29.4,640,38,23,0.8,20,0,0,0,0,0,0
2519,2013/7/14,临潼区零口,409,24,701,35,30,1,40,1,0,1,0,0,0
2520,2014/10/25,周至县板房子,1660,32.6,227,76,28,0.7,60,4,0,1,0,0,0
2521,2010/9/18,长安区小峪,1142,41.5,302,40,27,0.9,14.3,3,1,1,0,0,0
2524,2023/10/20,长安区太乙宫,1511,47.9,206,40,6,0.8,15.6,2,1,0,0,0,0
2525,2017/6/28,周至县板房子,1789,33.7,743,95,19,0.8,18.2,5,0,0,0,0,0
2526,2020/9/5,周至县厚畛子,822,21.7,474,94,31,1.1,15.4,4,0,0,0,0,0
2527,2014/12/9,长安区引镇,1088,43.8,195,55,28,0.9,51.3,0,0,1,0,0,0
2530,2020/7/10,临潼区骊山,394,41.4,634,61,36,0.8,31.2,2,1,1,1,0,0
2531,2010/3/28,蓝田县汤峪,1918,41,634,64,17,1.1,30.5,0,0,0,0,0,0
2532,2014/8/21,长安区蒿沟,1035,49,102,60,26,0.9,23.2,3,1,1,0,0,0
2533,2012/6/24,鄠邑区涝峪,968,28.1,271,84,32,0.6,8.6,3,0,0,0,0,0
2534,2023/9/8,雁塔区曲江,618,26,298,39,10,0.8,15.9,0,0,1,0,0,0
2535,2013/7/21,阎良区新兴,425,24.3,303,30,9,0.8,11.4,2,0,0,0,0,1
2538,2023/8/7,灞桥区狄寨,427,19.3,42,34,17,1.2,13.7,1,1,1,1,0,1
2539,2014/7/15,周至县马召,2145,34.7,401,77,24,1,14.7,5,1,1,1,0,0
2542,2023/8/1,鄠邑区玉蝉,1065,32.4,703,95,20,0.7,39,5,0,1,0,0,0
2547,2023/12/28,灞桥区狄寨,945,23,99,39,22,0.7,10.3,1,0,1,1,0,0
2550,2018/4/25,灞桥区狄寨,617,19.1,1158,66,24,0.6,14.8,1,0,0,0,0,0
2551,2012/9/30,灞桥区洪庆,585,23.2,966,46,7,0.7,20,1,0,0,0,0,0
2552,2013/11/12,周至县厚畛子,1345,36.9,1500,40,0,0.7,45.5,0,1,0,0,0,0
2553,2012/7/17,长安区太乙宫,2252,37.1,626,95,38,0.7,11.4,2,1,1,1,0,1
2554,2018/10/28,长安区子午峪,1623,26.9,190,40,24,0.9,10.4,2,1,1,1,0,1
2555,2021/11/3,长安区蒿沟,2080,26.9,208,67,39,0.9,36.4,0,0,0,0,0,0
2556,2019/10/20,鄠邑区蒋村,1559,31.2,78,67,24,0.7,9.1,4,0,0,0,0,0
2559,2023/8/4,长安区子午峪,2348,29.2,419,40,31,1.2,5.5,2,1,1,0,0,0
2560,2010/7/7,未央区未央宫,309,25.2,133,78,21,0.6,25.5,1,0,1,0,0,1
2564,2020/7/20,长安区太乙宫,1486,40.8,393,91,18,1.1,16.2,2,0,0,0,0,0
2565,2012/6/30,长安区引镇,1042,39.8,44,74,23,0.8,13.9,0,0,0,0,0,0
2566,2014/8/7,灞桥区席王,989,19.1,87,68,30,1.2,20,1,0,1,0,0,0
2570,2014/10/12,长安区小峪,1668,42.8,895,50,27,1.1,38.3,3,0,1,0,0,1
2572,2014/6/7,临潼区代王,769,39.8,38,30,7,0.6,16.4,2,0,0,0,0,0
2574,2021/11/9,雁塔区曲江,371,21.4,85,30,16,1.1,38.6,0,0,0,0,0,1
2576,2011/8/10,蓝田县九间房,887,35.4,1332,54,34,0.8,40,3,0,1,0,0,0
2577,2019/7/1,长安区沣峪,1720,36.6,286,72,9,0.6,15,2,0,0,0,0,0
2578,2022/5/30,灞桥区洪庆,986,23.2,168,30,26,0.8,34.2,1,1,0,1,0,0
2582,2018/7/28,灞桥区狄寨,389,21.9,327,68,8,0.7,44,1,0,0,0,0,0
2583,2013/11/23,长安区小峪,1796,25.3,215,77,32,1.2,18.5,2,0,0,0,0,0
2586,2023/11/19,长安区蒿沟,935,31.1,386,83,27,0.6,10.7,2,0,1,0,0,0
2588,2023/7/16,灞桥区白鹿塬,508,17.6,578,34,40,0.6,17,1,1,0,0,0,0
2589,2021/7/6,长安区小峪,1877,33.6,814,65,8,1,16.2,2,0,0,0,0,0
2590,2018/8/1,未央区未央宫,651,11.1,197,40,5,0.9,16.9,1,0,0,0,0,1
2591,2018/5/27,长安区沣峪,2033,27.7,1000,62,40,1,26.1,3,0,0,0,0,0
2592,2023/7/3,长安区蒿沟,2230,21.9,55,79,16,0.8,16,0,1,0,0,0,0
2593,2021/9/10,雁塔区电子城,846,26.5,146,60,7,0.8,14.3,0,0,0,0,0,0
2594,2013/10/19,长安区太乙宫,1817,30.8,150,57,20,0.9,19.2,3,0,1,1,0,0
2595,2013/9/8,灞桥区狄寨,588,16,28,30,12,0.9,16.4,1,1,1,0,0,0
2596,2021/10/4,灞桥区白鹿塬,516,16.8,111,30,12,0.6,26.3,1,0,0,0,0,0
2597,2014/8/20,未央区六村堡,514,22.2,176,58,40,0.9,18.3,1,0,1,0,0,0
2598,2013/9/14,临潼区零口,359,39.5,664,43,0,1.1,21,0,1,1,1,0,0
2600,2018/9/10,灞桥区洪庆,543,12.7,168,52,35,1.2,9.8,1,0,0,0,0,0
2601,2018/9/7,雁塔区曲江,689,10,86,49,27,0.9,10,0,0,0,0,0,0
2604,2012/9/3,鄠邑区祖庵,2063,44.9,37,75,35,1,16,5,0,0,0,0,0
2606,2015/7/9,鄠邑区涝峪,1124,20,683,61,35,1.1,8.1,4,0,0,0,0,0
2607,2012/7/9,临潼区代王,366,50,501,58,35,1.2,13.2,0,0,0,0,0,0
2608,2013/5/3,周至县板房子,2033,30,311,90,8,1.2,42.5,5,0,0,0,0,0
2610,2011/9/20,未央区六村堡,485,20.6,74,73,23,0.9,40,1,0,0,0,0,1
2612,2013/6/29,未央区未央宫,564,16.6,124,56,16,0.7,12,1,1,0,0,0,0
2616,2021/7/13,长安区小峪,1362,24.3,659,40,29,1.2,22.9,0,0,1,0,0,0
2619,2013/9/30,蓝田县葛牌,1296,24.3,34,69,0,0.8,30.8,5,0,0,0,0,0
2620,2023/11/17,灞桥区白鹿塬,586,19.8,359,42,23,0.6,12.9,1,1,0,0,0,0
2624,2023/8/7,蓝田县汤峪,1055,45.9,288,56,18,0.8,32.3,2,0,1,1,0,0
2625,2023/7/10,鄠邑区蒋村,1262,50,698,83,3,1.2,36.4,4,0,0,0,0,0
2630,2011/8/25,周至县板房子,1014,35.2,218,92,7,0.6,26.2,4,0,0,0,0,0
2631,2021/9/29,高陵区鹿苑,733,29.5,396,42,34,0.7,6.2,4,0,1,0,0,0
2634,2015/9/29,灞桥区席王,735,17.5,317,30,25,0.9,15.3,1,0,1,0,0,0
2635,2017/7/13,鄠邑区祖庵,2086,30.3,296,87,35,0.9,28.6,5,0,0,0,0,0
2636,2023/9/28,蓝田县蓝关,1054,43.9,312,55,8,0.8,31.4,3,0,1,1,0,0
2638,2020/9/21,蓝田县玉川,1379,29.8,38,71,6,1.1,12.7,3,0,1,1,0,0
2640,2012/7/15,灞桥区白鹿塬,345,20.8,199,30,24,0.7,25,1,1,1,1,0,0
2641,2022/5/4,鄠邑区蒋村,2362,41.3,185,66,30,0.6,27.7,0,1,0,0,0,0
2642,2015/7/6,灞桥区洪庆,469,17,504,40,25,0.7,11,1,0,0,0,0,0
2644,2022/5/15,长安区小峪,906,36,215,78,2,0.8,17.5,0,0,1,0,0,0
2645,2020/5/4,阎良区关山,895,15.6,360,40,24,1,29.1,1,1,1,0,0,0
2646,2013/2/16,周至县厚畛子,2484,45.5,692,53,16,0.8,23,4,1,0,1,0,0
2647,2010/8/6,雁塔区曲江,632,23.9,42,61,29,0.8,14.3,1,0,0,0,0,0
2649,2016/12/8,长安区蒿沟,871,20,39,93,6,0.8,16.7,3,0,0,0,0,1
2650,2022/7/17,蓝田县玉川,2452,33.6,272,83,31,1.2,5.2,0,1,0,1,0,0
2652,2015/10/28,临潼区骊山,490,40.6,262,47,12,0.9,18.4,0,1,1,1,0,1
2653,2014/8/18,未央区谭家,973,13.5,25,51,30,0.9,7.1,1,0,0,0,0,0
2658,2022/9/13,高陵区鹿苑,605,31.9,122,30,7,1,17.9,4,1,1,1,0,1
2659,2013/6/11,蓝田县玉川,1098,32.3,340,44,25,0.7,15.3,2,1,1,0,0,1
2660,2020/7/31,临潼区零口,367,24.9,661,39,27,0.7,25.6,1,1,0,0,0,1
2662,2016/9/27,临潼区零口,972,36.7,694,38,6,1,14.7,0,1,1,1,0,0
2664,2013/7/10,雁塔区电子城,836,24.7,70,47,15,1.2,5,0,0,0,0,0,1
2665,2019/6/4,蓝田县玉川,985,29,66,89,4,0.8,19.2,0,0,0,0,0,0
2667,2019/9/17,长安区小峪,1396,33.3,236,62,31,0.9,8.9,2,0,1,0,0,0
2668,2016/10/27,长安区子午峪,862,23.6,197,40,21,0.7,40,3,0,0,0,0,0
2670,2017/6/28,长安区太乙宫,1292,27.7,319,94,13,0.6,31.8,3,0,1,1,0,0
2674,2016/6/11,长安区蒿沟,1943,34.2,58,40,7,0.8,44.2,0,1,1,1,0,0
2676,2019/8/24,周至县广济,1943,37,363,58,30,1,13.2,0,0,1,1,0,0
2677,2011/8/21,临潼区斜口,707,25,518,30,25,0.8,25,2,1,0,1,0,0
2679,2022/7/17,鄠邑区甘河,2238,49,140,53,22,1,25,3,0,0,0,0,0
2680,2016/9/23,蓝田县葛牌,1791,46.8,170,95,12,0.7,6.7,5,0,1,0,0,0
2681,2021/6/13,蓝田县汤峪,861,20,314,47,7,0.8,5,2,1,0,0,0,0
2683,2015/9/28,蓝田县玉川,883,29.5,314,57,34,1.1,23.6,2,0,0,0,0,0
2686,2016/8/10,鄠邑区甘河,1153,27.8,205,55,35,0.8,11.4,3,0,0,0,0,0
2689,2010/10/3,长安区引镇,2312,43.6,45,40,29,1,14.8,0,1,1,1,0,0
2691,2021/8/22,长安区蒿沟,1653,31.7,180,92,16,1,18.7,3,0,1,0,0,0
2692,2021/10/18,鄠邑区玉蝉,1061,35.7,29,86,3,1.2,47.8,0,0,1,0,0,0
2693,2019/9/23,长安区太乙宫,1403,35.2,830,77,38,1.2,33.3,0,0,0,0,0,0
2695,2012/10/6,鄠邑区涝峪,1317,45.9,117,82,13,0.8,17.9,3,1,1,1,0,0
2698,2019/9/28,雁塔区杜城,808,23,353,76,8,0.7,24,1,0,0,0,0,0
2699,2022/6/5,阎良区新兴,735,27.9,2,53,2,0.7,15.1,2,0,1,0,0,0
2700,2011/9/30,雁塔区杜城,948,19.4,334,39,39,1.2,6.8,1,0,0,0,0,1
2701,2012/7/28,周至县广济,2115,35.5,482,84,39,0.8,5,5,0,0,0,0,1
2704,2015/12/20,蓝田县九间房,1120,44.9,750,85,24,1,10.2,3,0,0,0,0,0
2705,2020/6/16,周至县马召,1608,33.9,379,83,29,0.6,18.7,4,1,1,1,0,0
2706,2021/8/29,未央区六村堡,581,15.1,633,30,2,0.8,13.8,1,0,0,0,0,1
2707,2011/10/3,雁塔区曲江,497,17.3,478,43,4,0.6,7.8,1,1,1,1,0,1
2710,2019/6/10,蓝田县玉川,1750,29.1,78,95,14,0.7,33.3,3,0,1,0,0,0
2711,2023/9/17,灞桥区白鹿塬,481,20.8,184,57,28,0.7,18.1,1,0,0,0,0,0
2712,2017/9/27,长安区引镇,2454,23.3,812,93,39,0.8,9.6,3,0,0,0,0,0
2713,2011/9/23,蓝田县汤峪,2361,38.6,134,73,19,1.1,32,2,1,0,1,0,0
2715,2016/7/9,未央区未央宫,371,22.7,11,40,32,1,5.9,1,1,0,0,0,0
2716,2023/8/26,阎良区武屯,639,17.5,1270,54,11,1,40,1,0,0,0,0,0
2717,2015/7/7,未央区六村堡,305,20.7,226,45,10,0.8,14.8,1,0,0,0,0,0
2720,2011/8/12,长安区蒿沟,2117,38.5,637,40,36,0.6,30.6,3,0,1,1,0,0
2722,2022/8/11,鄠邑区甘河,2106,31.2,893,40,33,1.1,24.6,3,1,0,0,0,0
2725,2011/7/18,灞桥区白鹿塬,399,23.7,397,33,15,1,18.2,1,0,0,0,0,1
2728,2015/8/24,长安区子午峪,1536,34.6,119,40,11,0.8,17,2,1,1,0,0,0
2730,2019/7/24,蓝田县葛牌,903,35.6,336,69,22,0.8,23.5,5,0,0,0,0,0
2736,2012/9/17,周至县厚畛子,1086,46.1,168,90,18,0.9,40,5,1,1,0,0,0
2737,2016/10/28,鄠邑区祖庵,2006,46.6,167,46,3,0.6,25.1,5,1,1,1,0,0
2739,2011/6/20,临潼区斜口,435,36.8,1393,39,11,0.8,29.5,2,1,1,1,0,0
2740,2022/6/20,鄠邑区祖庵,1856,39.2,113,87,35,0.6,21.1,4,1,1,1,0,0
2741,2018/6/9,临潼区斜口,463,48.4,759,63,23,0.9,41.8,0,1,1,1,0,1
2744,2023/8/25,阎良区关山,760,15,109,56,17,1.2,20,2,0,0,0,0,0
2747,2021/6/4,鄠邑区涝峪,1522,50,452,63,34,0.6,19.7,3,0,1,0,0,0
2748,2017/2/17,周至县广济,1251,28.7,260,77,15,0.9,61.8,5,0,0,0,0,0
2756,2016/9/27,鄠邑区甘河,2376,25.4,322,89,36,0.6,19.1,0,0,1,1,0,0
2759,2019/5/13,灞桥区席王,626,16.9,150,47,2,0.9,18.6,1,1,1,1,0,0
2760,2015/9/29,蓝田县葛牌,1685,28.1,749,40,26,1.1,23.2,5,0,1,1,0,0
2763,2017/8/5,雁塔区电子城,680,22.7,196,30,6,0.6,18.5,0,1,1,0,0,1
2765,2013/8/1,蓝田县玉川,1208,32.8,1500,88,3,0.6,17.4,5,0,0,0,0,0
2769,2016/10/21,周至县马召,2175,34.9,6,60,14,0.8,15.6,5,1,0,0,0,0
2770,2023/7/13,雁塔区曲江,608,17.6,463,62,15,0.9,20,1,1,0,0,0,0
2771,2013/8/27,长安区蒿沟,1612,24.6,257,40,39,1.2,6.9,2,0,0,0,0,0
2772,2019/9/22,雁塔区电子城,493,24.9,116,54,21,1.1,64,0,1,1,1,0,0
2775,2016/11/24,灞桥区狄寨,392,23,449,30,32,0.8,18.5,1,1,1,1,0,0
2776,2018/7/12,鄠邑区蒋村,2058,47.8,180,40,1,0.7,12.5,5,0,1,1,0,1
2781,2011/12/4,灞桥区白鹿塬,398,23.9,617,41,1,0.7,21.5,1,0,0,0,0,0
2782,2014/7/31,蓝田县玉川,1626,31,81,92,6,0.9,40,0,0,0,0,0,0
2789,2020/9/23,蓝田县玉川,1496,29.7,137,93,17,1.2,11.4,2,1,1,0,0,0
2790,2015/8/4,长安区子午峪,1500,46.2,523,88,20,1.2,32.5,0,1,1,0,0,0
2791,2016/8/8,鄠邑区甘河,1632,33.8,223,79,32,0.6,43.5,4,1,0,0,0,0
2795,2020/9/21,未央区六村堡,313,17.7,126,44,27,0.6,9.2,1,1,1,1,0,1
2796,2015/7/10,未央区未央宫,436,23.7,90,30,34,1.1,10.3,1,0,0,0,0,0
2797,2016/7/30,蓝田县蓝关,1353,25.2,567,87,38,0.7,15,0,0,0,0,0,0
2803,2017/9/27,灞桥区席王,346,20.1,580,34,3,1.2,20,1,0,1,0,0,1
2804,2014/7/28,长安区引镇,1401,43.5,49,40,39,0.8,5.8,0,0,0,0,0,0
2806,2022/5/29,长安区太乙宫,1651,21.2,181,77,21,1,17,3,0,1,0,0,0
2807,2010/9/2,周至县广济,1210,37.8,351,40,5,0.6,14.5,4,1,1,1,0,0
2809,2012/7/1,临潼区斜口,947,34.1,66,30,8,1,27.5,1,1,0,1,0,0
2810,2012/7/17,鄠邑区祖庵,2234,45.1,660,80,36,0.8,29.1,3,1,0,1,0,0
2814,2018/5/26,蓝田县九间房,2172,37.3,66,63,37,1.2,13.8,5,1,1,1,0,0
2815,2017/10/2,周至县厚畛子,2263,35.4,156,88,12,1,22.8,3,0,1,0,0,0
2817,2021/10/9,周至县王家河,2226,49.9,677,92,15,1,71.4,0,0,0,0,0,0
2818,2022/8/17,长安区引镇,1746,24.3,998,40,14,0.9,15.6,2,1,0,1,0,0
2819,2022/11/21,灞桥区狄寨,673,25,238,30,36,0.7,20,1,0,1,0,0,0
2822,2017/6/5,蓝田县汤峪,1648,28.2,682,95,18,0.8,17.9,0,0,0,0,0,0
2823,2017/9/13,鄠邑区涝峪,1002,40.1,160,71,0,1.1,25.3,4,0,0,0,0,0
2824,2014/8/13,灞桥区洪庆,623,19,282,36,39,0.9,21.7,1,1,1,1,0,0
2826,2023/5/25,蓝田县玉川,1387,27.4,813,90,10,0.7,15.1,2,0,0,0,0,0
2829,2019/9/27,雁塔区曲江,896,15.2,1500,48,36,0.6,12.3,1,0,0,0,0,1
2830,2019/7/30,鄠邑区祖庵,998,33.2,38,81,21,0.9,6.3,3,0,0,0,0,0
2831,2013/3/18,长安区太乙宫,1488,37.5,1076,95,2,0.9,18,3,1,1,0,0,0
2834,2013/8/28,未央区六村堡,792,15.8,822,30,24,0.7,33.3,1,0,1,1,0,1
2836,2012/12/21,长安区小峪,992,26.7,874,70,6,1,48,0,0,0,0,0,0
2838,2014/8/19,雁塔区杜城,653,24,125,33,4,1,7.5,1,0,0,0,0,0
2839,2019/8/15,蓝田县玉川,1683,28.2,1126,81,29,0.6,27.7,3,0,0,0,0,0
2840,2011/6/26,长安区小峪,2229,20,174,54,11,0.7,8.5,3,0,0,0,0,0
2841,2021/7/15,长安区沣峪,1674,50,40,56,2,1.1,53.3,2,1,1,0,0,0
2842,2017/8/12,灞桥区洪庆,418,26.9,222,67,9,0.7,20,1,0,0,0,0,1
2843,2013/7/8,鄠邑区甘河,1381,35.1,27,50,9,0.6,36.4,0,1,0,0,0,0
2845,2010/9/15,长安区子午峪,2010,50,448,64,37,0.9,30.7,2,0,1,1,0,0
2846,2011/9/5,周至县板房子,2025,50,198,68,26,0.9,10.9,0,0,1,0,0,1
2849,2021/8/18,长安区蒿沟,1155,40.5,228,79,28,1.1,29.4,2,1,0,1,0,0
2854,2014/5/26,周至县广济,1900,36.6,266,67,26,1.1,40,5,1,1,1,0,0
2855,2010/7/13,周至县广济,1558,21.4,223,40,38,1,23.5,4,0,1,1,0,0
2856,2011/7/23,蓝田县玉川,2145,27.5,401,44,5,1.1,21.6,3,1,1,1,0,0
2858,2010/5/3,长安区太乙宫,1683,33.7,582,93,30,1.1,19.1,3,1,0,1,0,0
2860,2023/5/12,灞桥区席王,545,22.2,218,33,29,1,20,1,0,1,1,0,1
2862,2023/9/22,未央区六村堡,474,21.1,500,30,2,1,24,1,0,0,0,0,1
2864,2018/9/6,蓝田县玉川,933,33.5,426,95,9,1.1,33.3,3,0,1,1,0,0
2866,2014/7/19,灞桥区狄寨,747,18.3,173,34,0,0.6,14.4,1,0,0,0,0,0
2867,2023/7/5,长安区小峪,1480,43.7,213,95,9,0.7,9.6,2,0,1,0,0,0
2868,2015/7/20,长安区小峪,1056,46.5,394,86,5,0.8,13.8,0,0,1,0,0,0
2870,2021/10/25,长安区蒿沟,1941,35.9,109,81,7,1.2,40,0,0,1,0,0,0
2871,2013/7/26,蓝田县玉川,1310,28.8,374,93,4,0.6,35.8,3,1,0,0,0,0
2873,2013/9/21,周至县厚畛子,849,45.9,1279,86,10,1.2,13.3,5,0,1,1,0,0
2874,2021/5/17,长安区引镇,815,39.7,218,72,29,1.2,18.6,2,1,1,1,0,0
2876,2015/9/21,未央区未央宫,414,20.6,172,30,38,0.8,12.4,1,1,1,1,0,1
2878,2015/10/26,周至县板房子,2183,30.8,292,95,10,0.7,5,5,1,0,0,0,0
2880,2013/4/1,长安区太乙宫,1278,33.7,499,95,26,0.7,9.4,2,0,1,1,0,0
2881,2014/8/10,鄠邑区蒋村,997,24.3,215,40,27,1,16.7,5,0,0,0,0,0
2882,2011/8/4,周至县广济,1314,38.2,355,72,34,1.2,14.5,4,0,1,0,0,0
2885,2019/7/14,周至县马召,1144,23.8,515,55,7,0.8,73.3,4,0,1,0,0,0
2886,2015/10/8,临潼区代王,823,28,795,30,17,1.1,13.8,0,0,1,0,0,0
2887,2011/5/5,阎良区关山,946,18,657,30,7,1.1,13.1,2,0,0,0,0,0
2889,2011/8/3,长安区子午峪,1615,34.8,469,84,38,1.2,15,0,1,1,0,0,0
2890,2022/9/17,周至县板房子,1693,38,296,48,22,0.6,14.9,5,1,1,1,0,1
2891,2014/7/29,临潼区斜口,660,31.2,156,51,6,0.8,53.3,1,1,1,1,0,1
2892,2017/8/22,蓝田县汤峪,2457,22.6,21,95,9,0.7,9.4,3,0,0,0,0,0
2894,2016/8/3,蓝田县葛牌,1374,35.6,305,40,23,1.1,17,2,1,0,1,0,0
2895,2019/1/22,鄠邑区甘河,1626,42.1,147,74,13,1.1,12.6,0,1,1,1,0,0
2896,2011/7/29,雁塔区杜城,690,12,29,41,12,0.6,28,0,0,0,0,0,0
2898,2015/7/20,灞桥区席王,593,19.6,1121,55,15,1.2,16.8,1,0,1,0,0,0
2901,2014/9/5,长安区沣峪,1305,31.9,88,95,28,1,16.7,3,0,1,0,0,0
2902,2016/7/29,灞桥区席王,903,17.4,542,30,4,0.6,18.4,1,0,0,0,0,0
2903,2013/8/8,灞桥区席王,853,18.6,122,68,39,0.7,40,1,0,1,1,0,0
2904,2019/2/11,雁塔区杜城,473,18.5,291,43,9,0.6,34,1,0,1,0,0,1
2905,2017/7/7,蓝田县玉川,2374,29.2,302,69,6,0.9,17.8,0,0,1,1,0,0
2906,2011/8/9,蓝田县蓝关,1602,25,112,68,34,1.1,26.2,0,0,1,0,0,0
2908,2012/10/25,长安区小峪,886,30.7,209,63,28,0.9,10.2,2,1,1,0,0,0
2909,2018/7/20,临潼区代王,390,38.5,57,67,25,0.9,44,0,1,0,0,0,1
2910,2014/7/17,蓝田县玉川,2442,32.6,740,53,36,0.6,30.8,5,1,1,1,0,0
2911,2019/8/26,长安区子午峪,2059,35,757,56,10,0.9,9.2,0,0,0,0,0,0
2913,2020/9/26,周至县王家河,1625,35.7,220,61,11,1,28.6,4,0,1,0,0,0
2914,2016/6/12,高陵区通远,400,15.6,80,30,22,0.6,13.7,1,0,1,1,0,1
2915,2021/5/14,鄠邑区甘河,1673,33,32,40,22,1.1,24.3,0,1,1,0,0,0
2923,2023/5/17,长安区小峪,2380,39.3,19,81,25,1.1,36,0,1,1,1,0,0
2926,2019/8/1,蓝田县葛牌,2179,40.4,191,75,35,0.6,12.5,2,1,1,1,0,0
2927,2010/7/14,蓝田县蓝关,2013,27.7,280,49,31,0.8,9.5,5,0,0,0,0,0
2928,2014/9/22,周至县厚畛子,2424,25.9,873,69,22,1,15.5,4,1,0,1,0,0
2930,2021/8/10,雁塔区曲江,865,20.1,214,38,18,1,16.8,0,0,1,0,0,0
2931,2019/7/10,长安区太乙宫,1325,20,203,42,2,1.1,8.5,0,0,1,0,0,0
2932,2023/11/30,长安区引镇,909,46.8,304,40,28,0.7,47.4,0,1,1,1,0,0
2934,2012/7/7,周至县马召,1566,38.2,74,40,11,1.1,9.5,5,1,1,1,0,0
2936,2015/12/20,鄠邑区蒋村,2296,29.3,33,87,29,0.9,18.2,0,0,1,0,0,0
2937,2015/9/30,临潼区骊山,445,43.4,94,74,1,1.2,27.4,0,1,1,1,0,0
2941,2013/6/27,长安区太乙宫,1510,28.8,438,77,40,0.8,36.4,2,0,0,0,0,0
2942,2023/8/31,周至县马召,2370,38.6,223,46,18,1,14.4,3,0,0,0,0,0
2943,2017/9/26,周至县王家河,1915,39.9,178,66,21,0.8,51.1,0,0,1,0,0,0
2944,2014/7/12,蓝田县汤峪,1253,27.8,85,66,20,0.8,18.3,3,0,0,0,0,0
2945,2010/7/20,未央区六村堡,589,19.4,200,30,19,0.9,10.5,1,0,1,1,0,1
2946,2021/4/6,未央区谭家,513,20.2,90,35,17,1,17.4,1,0,1,1,0,0
2947,2010/10/22,未央区六村堡,835,15,1500,42,29,0.7,40,1,1,0,1,0,1
2950,2013/9/15,灞桥区白鹿塬,834,21.6,86,30,39,1.2,17.6,1,0,0,0,0,0
2951,2011/9/10,灞桥区白鹿塬,967,16.6,643,51,34,1,17.3,1,0,0,0,0,0
2954,2022/7/6,高陵区通远,784,22.1,15,53,1,1,18.7,1,1,1,1,0,0
2955,2019/9/2,未央区谭家,586,14.2,271,30,31,1.1,40,1,0,0,0,0,1
2956,2013/7/19,周至县王家河,2196,33.4,365,76,40,0.6,14.4,4,0,1,0,0,0
2957,2019/3/12,灞桥区洪庆,644,19.6,1351,30,19,0.9,38.3,1,0,0,0,0,0
2958,2022/9/9,周至县广济,1855,31.5,42,81,18,0.9,52,4,1,0,0,0,0
2959,2022/8/19,高陵区鹿苑,974,20.2,81,60,2,0.7,16.7,4,0,0,0,0,0
2962,2021/9/10,高陵区耿镇,382,25,242,42,11,0.6,21,4,0,1,0,0,0
2966,2022/7/20,周至县板房子,2115,32.2,532,76,24,1.1,28.5,4,0,0,0,0,0
2967,2023/7/16,蓝田县葛牌,1524,31.3,123,40,17,0.7,14.9,5,1,1,1,0,0
2968,2011/8/26,蓝田县葛牌,2123,40.2,323,68,15,0.9,25,3,1,1,0,0,0
2969,2022/6/17,鄠邑区甘河,1120,32.6,580,40,17,1,26.7,4,0,1,0,0,0
2970,2013/8/27,长安区沣峪,1831,35.8,527,85,17,0.7,29.5,2,0,0,0,0,0
2971,2016/10/8,临潼区代王,855,20,219,80,12,0.9,21.9,0,1,0,0,0,0
2972,2019/12/6,长安区蒿沟,1514,20.3,731,67,36,0.6,25.8,3,0,0,0,0,0
2973,2014/8/22,鄠邑区蒋村,1469,26.1,667,87,38,1,18.1,3,0,0,0,0,0
2975,2020/9/8,周至县板房子,1387,39.9,1173,71,30,0.7,10.8,3,0,0,0,0,0
2976,2010/6/19,鄠邑区蒋村,1634,24.5,165,49,29,1.2,12.9,3,0,0,0,0,0
2977,2012/5/6,灞桥区席王,335,20.7,41,30,1,1,26.7,1,0,0,0,0,1
2978,2015/8/14,未央区谭家,486,15.3,121,30,23,0.9,11.5,1,1,1,1,0,0
2981,2015/2/8,蓝田县蓝关,853,47.9,366,81,6,1.2,16.8,2,1,1,1,0,0
2982,2018/7/10,临潼区骊山,997,25.5,868,30,6,1.1,21.3,0,0,0,0,0,0
2983,2020/8/21,阎良区关山,750,28.1,100,57,21,0.9,26,1,0,0,0,0,0
2984,2010/5/24,灞桥区狄寨,720,24.4,37,60,15,0.6,18.7,1,0,0,0,0,0
2986,2018/11/11,周至县王家河,1419,32.7,638,62,10,1.2,15.4,0,1,0,0,0,0
2990,2022/9/4,长安区子午峪,1250,40.7,836,90,11,1.1,64,2,1,0,1,0,0
2993,2023/9/15,周至县厚畛子,2198,30.7,68,66,7,1.1,26.7,5,1,1,1,0,0
2996,2011/6/29,临潼区骊山,860,21.9,80,30,7,0.7,16.7,1,1,1,0,0,0
2997,2012/9/1,临潼区骊山,566,28.5,447,33,30,0.6,22.2,1,1,1,1,0,0
3000,2023/7/22,灞桥区洪庆,466,13,121,32,4,1.1,15.3,1,0,1,0,0,1
3001,2011/9/22,临潼区斜口,599,38.2,289,65,15,0.6,20,1,0,1,1,0,0
3005,2017/9/2,鄠邑区涝峪,1020,31.8,70,73,37,1,62.4,0,1,1,0,0,0
3006,2013/7/1,鄠邑区涝峪,1457,35.7,1260,95,25,1.2,22,5,1,0,0,0,0
3008,2018/4/18,高陵区通远,875,19.5,95,30,24,1.2,9.5,4,1,1,1,0,0
3009,2013/8/31,临潼区骊山,931,46.6,20,56,28,0.8,32.3,2,1,1,1,0,0
3012,2014/4/1,阎良区武屯,694,21,523,44,2,0.7,10.7,1,1,1,1,0,0
3014,2021/9/23,鄠邑区祖庵,1029,26.3,74,40,36,0.7,14.3,0,1,0,1,0,0
3015,2012/6/16,长安区引镇,803,33.4,139,46,12,0.7,16.4,0,0,1,1,0,0
3016,2016/8/14,未央区六村堡,378,22.6,73,35,17,0.6,27.1,1,1,1,1,0,0
3020,2020/9/3,蓝田县玉川,1079,45.4,261,50,2,1.2,49.1,5,0,1,0,0,0
3021,2023/9/8,长安区引镇,1366,43.3,19,92,35,0.6,30,2,0,1,0,0,0
3027,2014/8/8,鄠邑区甘河,2473,26.1,454,79,22,1.2,36.4,3,0,0,0,0,0
3028,2016/9/12,雁塔区曲江,965,17.6,594,78,5,1.1,21.1,1,1,0,1,0,0
3029,2018/7/12,蓝田县葛牌,2050,30.9,115,40,3,0.7,21.4,0,1,1,0,0,0
3030,2020/8/31,长安区引镇,1493,33.7,799,76,33,0.6,22.6,2,0,0,0,0,0
3032,2016/10/1,灞桥区狄寨,672,14.4,1104,30,39,0.7,13.8,1,1,0,0,0,0
3036,2012/7/23,高陵区耿镇,643,16.4,425,64,28,1.1,13.8,1,0,0,0,0,1
3039,2010/8/1,周至县厚畛子,1774,46.7,242,40,28,1,40,3,1,0,0,0,0
3040,2018/9/8,长安区蒿沟,1117,41.4,212,40,32,0.7,32.2,3,1,1,0,0,0
3041,2013/7/9,蓝田县葛牌,1619,38.9,159,95,2,0.8,11.4,5,0,1,1,0,0
3042,2012/9/20,长安区引镇,1744,26.2,724,65,37,1,44,3,0,0,0,0,0
3043,2017/10/2,临潼区斜口,335,21,66,30,35,1.2,29.3,0,0,1,1,0,0
3047,2011/7/25,蓝田县蓝关,1052,36,317,89,19,0.6,36.7,3,1,0,0,0,0
3048,2011/9/18,蓝田县蓝关,1812,39.1,417,85,31,1.2,16.4,2,0,0,0,0,0
3049,2012/3/6,临潼区代王,342,31.5,205,33,15,1,26.7,0,0,1,1,0,0
3053,2015/10/14,阎良区关山,567,28.1,105,64,35,0.7,13.9,2,1,0,0,0,0
3055,2018/8/5,蓝田县九间房,2263,48,591,70,1,1.1,20,3,1,0,1,0,0
3056,2015/10/20,临潼区代王,502,22.9,178,30,33,1.1,18.1,1,0,1,1,0,0
3057,2014/9/5,长安区小峪,2241,29.7,626,71,34,0.6,28.6,2,0,0,0,0,1
3058,2011/10/1,高陵区耿镇,871,21.3,959,41,16,0.7,35,4,1,1,1,0,0
3059,2013/8/3,周至县马召,2127,29.2,96,77,10,0.9,19.7,3,0,1,1,0,0
3065,2016/2/21,周至县厚畛子,1361,30.3,110,40,14,1.2,36.4,5,1,1,1,0,0
3066,2019/9/8,周至县王家河,1905,30.8,17,88,2,1,17.4,0,0,1,0,0,0
3067,2015/11/8,周至县厚畛子,2167,34.3,71,40,30,1.2,40,5,0,1,1,0,0
3068,2015/7/18,长安区引镇,1460,40.2,150,87,4,1,10.8,0,0,0,0,0,0
3069,2021/8/4,临潼区代王,349,24.8,12,30,1,0.7,56,2,0,0,0,0,0
3070,2017/6/10,周至县王家河,1289,34.2,763,84,13,1,49.2,0,0,1,0,0,0
3071,2017/9/28,蓝田县九间房,2398,43.3,565,41,18,1.2,22.1,0,0,1,0,0,0
3072,2017/7/12,蓝田县玉川,2064,35,257,95,16,1.1,45.3,0,1,0,0,0,0
3073,2019/8/17,长安区太乙宫,1886,30.9,88,81,17,0.8,12.1,2,1,1,1,0,0
3075,2022/7/12,未央区谭家,911,27.9,69,30,35,0.8,5,1,0,1,0,0,0
3077,2022/7/13,蓝田县玉川,1424,28.9,120,40,15,0.6,28.3,0,0,1,0,0,1
3078,2019/5/3,灞桥区席王,834,20.9,547,77,5,0.7,18.1,1,0,0,0,0,0
3081,2011/9/18,周至县广济,2293,40.4,80,40,19,1.2,17.9,0,0,1,0,0,0
3083,2016/12/13,长安区蒿沟,1274,30.7,264,58,23,0.7,11.4,3,0,1,0,0,0
3084,2020/9/20,鄠邑区祖庵,2262,42.5,269,40,23,0.8,14.3,0,1,1,0,0,0
3088,2016/10/27,周至县王家河,1949,44.3,459,40,35,0.8,8.6,0,1,1,0,0,0
3095,2015/9/20,长安区小峪,2253,25.8,29,82,27,0.7,11.1,0,0,0,0,0,0
3096,2022/9/2,未央区未央宫,451,27.1,82,58,23,1,34.1,1,1,0,0,0,0
3100,2023/8/25,临潼区零口,907,27.7,204,75,8,0.9,30.8,2,0,0,0,0,0
3102,2023/5/18,高陵区通远,670,17.3,84,30,15,1.2,20,4,0,0,0,0,0
3103,2012/6/3,周至县广济,1647,29.9,571,76,38,0.6,8.5,3,0,0,0,0,0
3105,2020/8/24,雁塔区电子城,526,16.4,283,55,21,1.1,15.8,1,0,1,1,0,0
3108,2010/9/5,临潼区零口,520,38.8,156,33,19,0.8,23.8,2,1,0,0,0,0
3110,2014/6/14,灞桥区洪庆,816,23.4,1043,52,14,0.8,50,1,1,0,0,0,0
3111,2022/12/24,蓝田县玉川,1353,36.2,25,94,10,1.2,48,5,1,1,1,0,0
3112,2023/8/20,长安区子午峪,1614,44.4,450,95,19,0.9,10.8,3,0,0,0,0,0
3116,2018/9/16,周至县广济,1734,30.8,123,67,3,1.1,22.2,3,1,0,1,0,0
3117,2015/8/30,灞桥区白鹿塬,820,15.9,917,30,39,0.9,14,1,0,0,0,0,0
3118,2015/7/3,高陵区耿镇,783,14.9,79,30,22,1,21.5,1,0,1,1,0,1
3119,2011/9/5,周至县马召,1269,20,130,93,23,1.2,8.4,4,0,1,0,0,0
3120,2013/4/19,灞桥区席王,644,17.9,59,30,32,0.9,8,1,0,0,0,0,1
3121,2013/5/23,周至县马召,2370,43.4,152,69,31,0.9,40,3,1,0,0,0,0
3123,2014/3/11,长安区蒿沟,1660,37.1,516,87,26,1.2,6,0,0,1,1,0,0
3124,2022/1/16,灞桥区白鹿塬,721,27.6,52,80,26,1.1,26,1,0,1,0,0,0
3128,2012/8/11,雁塔区曲江,577,22.8,279,69,16,0.9,28,0,0,0,0,0,1
3129,2018/8/11,长安区沣峪,1005,26.9,7,95,39,0.7,21.1,2,0,0,0,0,0
3131,2020/8/18,周至县板房子,1708,24.4,978,93,37,0.6,10.3,0,0,0,0,0,0
3133,2015/8/7,灞桥区狄寨,705,15.9,530,68,23,1,20,1,0,0,0,0,0
3134,2021/5/13,灞桥区席王,320,17.4,345,30,10,0.8,22.9,1,0,1,1,0,0
3135,2016/8/23,周至县厚畛子,1532,27.4,547,94,27,1.1,22,5,0,0,0,0,0
3136,2017/8/30,灞桥区白鹿塬,454,21.1,136,37,36,0.6,26.2,1,0,0,0,0,0
3138,2018/7/31,周至县板房子,1277,32.1,338,40,3,0.9,9.8,0,1,1,0,0,0
3140,2010/8/10,鄠邑区祖庵,2156,29.5,25,78,9,0.7,31.8,4,0,1,1,0,0
3142,2017/11/19,雁塔区电子城,799,35,1500,55,34,1,23.1,0,0,0,0,0,0
3143,2019/8/23,临潼区骊山,313,37.9,174,30,18,1.2,9.6,0,0,1,0,0,1
3146,2016/10/31,蓝田县汤峪,2403,36.4,491,59,15,1.2,18.5,3,1,0,0,0,0
3147,2010/6/17,雁塔区曲江,606,29.3,13,49,5,1.2,26.2,0,0,1,0,0,0
3149,2017/8/22,周至县广济,2337,33.2,232,49,28,1.2,13.5,5,1,1,1,0,0
3150,2018/5/14,周至县马召,2196,34.1,1101,77,31,1.2,12.3,4,0,0,0,0,1
3153,2018/5/15,长安区太乙宫,978,43.8,160,40,37,1.1,6.8,2,0,1,1,0,0
3157,2018/8/3,灞桥区洪庆,976,19.4,211,56,4,0.9,46.7,1,0,1,1,0,0
3162,2023/8/17,灞桥区洪庆,931,22.2,314,31,23,1,18.5,1,0,0,0,0,0
3163,2022/7/2,周至县广济,1359,28.2,515,40,26,0.7,10.8,4,1,0,0,0,0
3166,2023/9/5,雁塔区曲江,920,11,100,63,0,0.7,10.3,1,0,0,0,0,1
3167,2020/8/10,阎良区新兴,879,21.5,252,33,16,1.1,11,4,1,1,1,0,0
3169,2011/8/28,长安区小峪,917,31.7,110,52,3,0.8,22.2,3,1,1,1,0,0
3171,2022/8/12,临潼区代王,908,34.7,166,64,11,1.1,5.6,0,0,1,0,0,0
3172,2019/10/25,灞桥区席王,583,14.9,753,37,19,0.7,26,1,1,0,0,0,0
3175,2023/9/29,鄠邑区蒋村,1387,35.9,36,44,26,1,11.8,0,0,1,1,0,0
3177,2022/9/10,长安区蒿沟,1768,30.7,303,72,35,1,30.8,0,0,1,0,0,0
3181,2019/7/23,鄠邑区蒋村,2040,33.4,434,94,39,1.2,12.9,5,0,0,0,0,0
3182,2022/7/1,周至县板房子,2270,45.9,6,40,34,0.7,20,3,0,1,0,0,0
3183,2017/5/3,鄠邑区蒋村,812,29.9,53,78,18,0.6,40,5,0,0,0,0,0
3185,2016/9/6,阎良区武屯,401,17.9,542,78,29,1,22.5,4,0,0,0,0,0
3191,2012/12/31,阎良区武屯,599,16.9,247,67,9,0.6,7.2,4,0,0,0,0,0
3192,2016/7/31,未央区未央宫,616,19,679,30,36,0.7,25,1,0,0,0,0,0
3196,2013/9/1,灞桥区洪庆,692,10.4,848,70,25,1.2,15.2,1,0,0,0,0,1
3198,2013/8/9,周至县广济,1263,36.8,1136,75,8,1.2,22.1,0,1,0,0,0,0
3200,2011/8/23,蓝田县九间房,1832,38.8,205,45,38,1.1,19.3,5,1,1,1,0,0
3201,2022/9/26,周至县板房子,1917,22.1,844,86,39,1.1,34.8,5,0,0,0,0,0
3202,2013/9/10,鄠邑区甘河,982,27.7,109,90,39,0.9,13.9,0,0,0,0,0,0
3204,2017/2/19,蓝田县葛牌,1883,40.1,287,81,13,1.2,47.7,2,1,0,0,0,0
3207,2019/5/1,长安区子午峪,1156,25,104,93,12,1.2,50,2,0,1,0,0,0
3209,2010/9/19,雁塔区曲江,469,18.4,216,54,20,0.7,58,1,0,0,0,0,1
3212,2011/8/18,长安区小峪,1194,38.9,212,91,12,1.2,33.3,2,1,0,0,0,0
3213,2014/8/6,灞桥区白鹿塬,624,19.3,28,55,0,0.8,34,1,0,0,0,0,0
3215,2015/9/29,蓝田县蓝关,1457,34.2,804,89,1,0.8,10.7,0,0,0,0,0,1
3216,2014/7/15,鄠邑区玉蝉,2180,46.4,867,93,35,0.9,6.7,3,1,1,1,0,0
3217,2011/8/15,临潼区骊山,707,36.4,213,51,34,0.7,12,1,1,0,0,0,0
3219,2022/8/6,灞桥区洪庆,663,17.4,585,30,20,0.7,32.7,1,0,0,0,0,0
3220,2014/7/17,鄠邑区祖庵,2009,37.1,397,94,27,0.6,36.4,5,1,0,0,0,0
3222,2022/9/10,蓝田县汤峪,880,36.6,365,90,16,0.9,22.2,3,0,1,0,0,0
3225,2013/7/8,灞桥区洪庆,644,13.3,97,52,20,1.2,24,1,0,0,0,0,0
3226,2018/5/28,长安区沣峪,1790,34.1,33,40,29,1.2,10.9,0,1,1,1,0,0
3229,2010/5/30,鄠邑区甘河,1552,37.3,213,67,9,0.8,25,3,0,1,0,0,0
3230,2018/7/2,周至县厚畛子,1469,24.6,271,95,32,0.7,13.2,0,0,0,0,0,0
3231,2017/9/16,长安区引镇,1374,31.1,141,55,38,1.2,21.2,2,1,0,0,0,0
3233,2014/8/27,周至县厚畛子,968,27.9,190,43,6,1,23.3,5,0,1,0,0,0
3234,2019/6/23,鄠邑区蒋村,2346,41.4,67,40,14,0.8,15.9,5,1,1,1,0,0
3235,2016/9/12,高陵区耿镇,571,24.7,93,56,23,1,20,4,0,0,0,0,0
3241,2021/10/13,阎良区新兴,339,20.7,282,30,0,0.9,25.2,2,0,1,1,0,0
3242,2021/7/2,长安区子午峪,825,34,301,68,28,1.2,20.5,0,1,1,1,0,0
3244,2018/2/9,蓝田县玉川,2304,36.3,129,54,23,0.8,16.7,3,0,1,1,0,0
3246,2023/6/17,雁塔区杜城,749,16.5,208,69,24,1.1,22.7,0,0,1,0,0,1
3247,2020/8/28,蓝田县九间房,2406,37.9,1265,51,26,1.1,12.9,3,0,0,0,0,0
3249,2015/11/27,长安区小峪,2014,26.6,188,94,1,0.7,43.7,3,0,1,0,0,0
3250,2022/7/8,蓝田县九间房,2056,42.4,206,72,34,1,45.2,5,0,1,1,0,0
3253,2020/10/27,长安区引镇,965,35.8,53,95,33,0.6,40,0,1,1,1,0,0
3255,2018/9/3,周至县马召,829,20,276,57,40,0.8,19,5,0,0,0,0,0
3256,2020/5/28,临潼区斜口,555,46.6,39,60,34,1,40,2,0,0,0,0,0
3257,2017/8/19,未央区六村堡,895,25.7,148,65,15,1.1,36,1,0,0,0,0,0
3258,2014/10/13,长安区太乙宫,1920,33.7,161,40,23,1,29.6,3,1,1,1,0,0
3259,2014/9/11,周至县王家河,1893,28,13,87,12,0.7,13.5,0,1,1,1,0,0
3260,2014/9/30,临潼区斜口,929,34.5,652,46,40,1.2,15,0,1,0,0,0,0
3262,2023/9/28,蓝田县蓝关,1459,27.3,671,62,38,0.8,14.8,5,0,0,0,0,0
3265,2018/8/23,蓝田县汤峪,850,24.8,86,46,24,0.8,23.3,5,1,1,1,0,0
3268,2019/10/27,鄠邑区甘河,1623,46.8,414,55,17,0.6,11.5,3,1,0,0,0,0
3269,2022/8/24,蓝田县葛牌,1552,43.7,25,42,9,0.6,19.3,2,1,1,1,0,0
3270,2017/10/19,周至县马召,1009,35.5,14,40,7,0.8,20,0,0,0,0,0,0
3271,2019/7/5,雁塔区电子城,354,20.4,792,30,12,0.8,6.4,0,0,0,0,0,1
3272,2014/7/22,临潼区零口,596,37.6,27,68,3,0.6,15.1,1,1,1,1,0,1
3273,2023/6/5,未央区谭家,332,18.1,75,30,8,0.8,22.9,1,0,1,1,0,1
3276,2022/8/15,长安区子午峪,982,46.7,693,43,12,0.8,15.4,3,1,1,1,0,0
3277,2014/8/22,蓝田县葛牌,1902,36.3,279,91,38,0.8,15.5,3,0,0,0,0,0
3281,2022/6/25,长安区小峪,1937,37.5,111,95,26,1.1,27.6,3,0,0,0,0,0
3284,2014/9/15,鄠邑区甘河,822,20,594,76,7,1.2,12.5,0,0,0,0,0,1
3286,2019/7/18,周至县厚畛子,1509,35.7,269,40,15,1.2,25.4,4,0,1,1,0,0
3288,2021/9/14,蓝田县葛牌,2417,30.1,220,79,32,0.9,19.3,0,1,1,0,0,0
3289,2022/7/21,周至县王家河,2114,38.7,434,52,31,1,22.9,4,1,1,1,0,0
3290,2016/9/19,灞桥区洪庆,772,12.4,63,59,21,1.2,68,1,1,0,0,0,0
3291,2010/8/5,周至县板房子,1154,35.2,192,40,5,0.7,32.6,0,1,1,0,0,0
3294,2015/7/28,周至县板房子,1462,47.3,424,66,29,0.9,23.5,3,1,1,1,0,0
3295,2020/9/14,蓝田县蓝关,2355,20,353,58,1,0.7,9.8,2,1,1,0,0,0
3296,2017/8/9,未央区未央宫,711,28.4,232,30,4,1.1,27.7,1,1,0,0,0,0
3297,2019/11/13,蓝田县汤峪,1996,41.3,168,66,14,0.7,13.8,3,1,0,1,0,0
3302,2014/6/28,长安区子午峪,2166,31.5,204,60,7,0.9,9.8,3,1,1,1,0,0
3303,2022/3/26,长安区太乙宫,2030,26.8,267,85,3,0.9,16.1,2,0,0,0,0,0
3304,2016/9/25,蓝田县葛牌,1017,28.3,338,65,9,1,26.5,5,0,1,0,0,0
3305,2019/8/3,长安区引镇,2417,39.7,630,40,2,0.8,29.7,0,1,1,1,0,0
3307,2021/6/23,鄠邑区祖庵,2432,20,233,73,10,1,9.6,0,0,1,0,0,0
3308,2013/10/23,长安区子午峪,2412,26.8,12,87,13,0.7,22.5,2,0,1,0,0,1
3309,2022/4/7,雁塔区电子城,864,19.2,563,54,28,0.7,18.7,1,1,0,1,0,0
3310,2021/9/11,长安区小峪,1481,36.1,84,74,31,0.9,56.7,2,1,0,0,0,0
3313,2011/6/14,临潼区零口,881,34.7,48,33,12,1,16.2,1,1,1,1,0,0
3315,2013/9/22,临潼区零口,684,36.3,616,30,11,1,7.3,1,0,0,0,0,0
3319,2023/9/21,周至县王家河,850,32.8,124,78,8,1.2,34.2,4,1,1,0,0,0
3321,2012/8/6,临潼区骊山,730,28.2,437,30,25,1,19.1,0,0,1,0,0,0
3323,2018/7/27,周至县广济,885,29.3,54,81,25,1.1,58,0,0,1,0,0,0
3327,2023/7/14,阎良区武屯,889,14.6,553,44,37,1.2,5.3,4,1,0,0,0,0
3328,2010/3/5,临潼区骊山,385,29.1,280,53,3,0.8,26.7,2,0,0,0,0,0
3330,2012/10/13,鄠邑区涝峪,1223,43.8,261,82,27,1,56,5,0,0,0,0,0
3331,2023/7/14,灞桥区洪庆,340,20.8,576,30,10,1.1,34,1,1,0,0,0,1
3332,2012/5/1,周至县马召,1401,22.8,122,80,31,0.6,19.3,5,0,0,0,0,0
3334,2021/9/22,灞桥区狄寨,881,24.5,238,42,36,1.1,13,1,0,1,1,0,0
3336,2015/9/6,灞桥区洪庆,676,27.4,82,52,17,0.6,6.2,1,1,0,1,0,0
3342,2014/5/26,周至县马召,950,23.8,269,48,1,0.9,12,3,0,1,0,0,0
3344,2021/7/6,周至县广济,1598,39.8,466,64,40,0.8,5,4,0,0,0,0,1
3346,2023/7/28,周至县板房子,2367,30.6,82,81,16,0.8,18.1,3,0,1,0,0,0
3348,2014/9/20,长安区引镇,1047,48.4,1500,89,40,0.8,30.8,0,0,0,0,0,0
3349,2022/9/10,鄠邑区玉蝉,2280,41.6,167,94,29,0.8,16,0,1,1,1,0,0
3351,2022/9/29,周至县厚畛子,1018,48.2,305,53,25,0.8,7.7,5,0,1,1,0,0
3352,2012/7/11,长安区引镇,2365,33,317,75,3,0.8,36.4,2,0,1,0,0,0
3353,2017/10/25,周至县广济,1451,38.4,67,49,2,1.1,16.3,3,1,0,0,0,0
3354,2021/9/16,鄠邑区蒋村,1789,37.9,544,40,12,0.7,16,3,0,1,0,0,0
3360,2021/6/8,蓝田县玉川,868,33.1,847,60,13,0.8,34.2,2,0,1,1,0,0
3361,2021/10/21,高陵区耿镇,630,18.4,425,60,12,0.7,22,1,0,0,0,0,0
3362,2014/7/12,蓝田县九间房,1125,26.7,14,54,22,0.9,33.3,3,0,1,1,0,0
3363,2016/4/25,临潼区斜口,527,37.7,425,80,35,1.1,15.8,0,0,0,0,0,0
3364,2010/9/6,周至县王家河,2076,35.3,793,50,2,1,19.5,5,1,0,0,0,0
3365,2020/9/30,蓝田县蓝关,991,29,579,40,21,1.1,22,5,1,0,0,0,0
3366,2019/10/15,雁塔区电子城,302,25.5,513,79,4,0.7,13.8,1,0,0,0,0,1
3368,2010/8/11,灞桥区席王,371,16.9,28,30,7,0.6,12.9,1,1,1,0,0,0
3369,2010/9/1,长安区沣峪,2115,40.4,319,50,33,0.9,45.7,3,1,0,0,0,0
3370,2023/10/28,灞桥区狄寨,904,12.9,299,67,34,0.7,13.7,1,0,0,0,0,0
3372,2013/5/4,临潼区斜口,564,38.6,1443,30,17,0.8,8.8,1,1,1,1,0,0
3374,2019/5/13,长安区子午峪,2217,47.7,324,52,7,0.8,30,3,1,0,0,0,0
3378,2020/7/22,周至县王家河,1029,27.5,241,40,39,0.6,23,4,1,1,1,0,1
3380,2010/8/28,蓝田县九间房,2315,30.2,326,94,6,0.8,36.4,5,0,0,0,0,0
3383,2014/9/12,周至县马召,1552,23,38,94,12,0.7,26.7,3,1,0,0,0,0
3385,2023/7/17,周至县马召,2103,36.9,61,91,2,1.1,24.2,5,0,0,0,0,0
3388,2011/7/4,灞桥区狄寨,533,21.8,41,30,40,0.6,25.5,1,1,1,0,0,0
3389,2017/9/1,临潼区斜口,460,39,23,43,40,0.7,26,2,1,1,1,0,0
3390,2017/6/29,未央区六村堡,835,21.2,395,32,10,0.6,40,1,0,1,1,0,0
3391,2012/10/8,灞桥区白鹿塬,796,18,89,39,18,0.8,26.3,1,0,1,0,0,0
3392,2013/10/9,鄠邑区涝峪,1137,29.2,266,77,32,1.1,28.6,4,0,0,0,0,0
3393,2017/7/19,蓝田县玉川,1246,20,97,95,36,0.6,31.1,0,0,0,0,0,0
3395,2019/7/23,长安区太乙宫,2328,33.6,2,95,0,0.7,18.2,3,0,0,0,0,0
3398,2019/8/15,长安区小峪,1828,21.4,1182,73,0,1.2,20,0,0,0,0,0,0
3399,2012/9/3,灞桥区席王,623,17.5,536,51,19,1.1,10.4,1,0,0,0,0,0
3400,2016/8/27,周至县广济,1301,30,603,60,23,1,51.8,4,0,0,0,0,0
3401,2012/4/28,临潼区骊山,726,32.5,243,30,4,1,23,1,1,0,1,0,0
3402,2021/5/19,灞桥区白鹿塬,775,19.9,60,62,37,1.2,18.6,1,1,0,0,0,0
3403,2021/9/9,临潼区斜口,440,34.4,669,41,13,0.8,28.9,1,1,0,0,0,0
3405,2019/9/9,蓝田县玉川,1281,35.6,201,77,13,1.1,14.8,3,0,1,0,0,1
3407,2019/8/5,周至县广济,2491,30.5,376,86,29,0.7,20.5,4,0,0,0,0,0
3408,2012/6/27,周至县广济,2382,37,134,89,5,0.6,28.8,0,0,1,0,0,0
3410,2020/10/29,长安区蒿沟,1438,40.7,244,55,25,0.9,10.4,2,1,1,0,0,0
3411,2015/9/3,周至县厚畛子,1063,20,39,93,36,1,13.9,4,0,1,0,0,0
3413,2016/8/24,长安区子午峪,834,47.5,60,64,4,0.9,55,0,0,0,0,0,0
3415,2016/9/23,长安区引镇,2450,50,251,47,24,1.2,33.8,2,1,0,0,0,0
3416,2018/12/5,阎良区关山,895,20.7,33,30,40,0.7,34,1,0,0,0,0,0
3417,2023/7/9,长安区引镇,1714,31.9,542,47,21,0.7,65,0,1,1,0,0,0
3418,2021/9/1,长安区子午峪,2479,43.1,1011,40,5,0.8,31.8,3,0,0,0,0,0
3419,2013/5/9,周至县厚畛子,2165,38.3,153,79,8,0.7,22.1,5,0,1,0,0,0
3420,2012/8/22,未央区谭家,366,31.3,923,30,29,0.8,15.7,1,1,0,0,0,1
3421,2018/7/30,灞桥区席王,675,17.5,601,65,20,0.9,20,1,0,0,0,0,0
3422,2011/6/11,雁塔区杜城,339,22.4,647,63,0,1,25,1,0,0,0,0,0
3424,2016/7/8,长安区蒿沟,851,40,393,95,36,1.2,5,0,0,0,0,0,1
3425,2018/11/1,临潼区代王,443,31.9,571,30,38,0.6,8.9,1,1,0,0,0,0
3426,2012/9/13,高陵区通远,733,24.5,170,43,29,0.9,10.2,1,0,1,0,0,0
3427,2022/8/23,灞桥区席王,925,15.1,419,30,10,1,21.1,1,1,1,0,0,0
3428,2013/12/28,雁塔区电子城,633,19.2,84,39,7,1.2,11.1,1,1,0,0,0,0
3429,2019/7/13,临潼区斜口,813,29.7,58,71,30,1.1,8.4,0,0,0,0,0,0
3430,2017/7/12,长安区太乙宫,1846,41.1,103,84,24,1.1,31.4,3,1,0,1,0,0
3431,2011/9/4,鄠邑区蒋村,1457,47.7,780,88,34,0.7,25.9,0,0,0,0,0,0
3432,2017/10/24,雁塔区曲江,912,20.7,905,40,10,0.8,18.6,0,0,1,0,0,0
3434,2015/10/9,长安区蒿沟,2113,31.1,968,69,5,0.6,51.2,0,0,0,0,0,0
3435,2016/6/4,周至县厚畛子,2163,41.9,290,63,16,0.7,13.3,0,0,0,0,0,0
3436,2015/6/29,周至县广济,2149,45.1,1173,74,23,1,22.9,3,0,0,0,0,0
3440,2017/9/16,鄠邑区祖庵,2090,35,35,62,35,0.7,20,3,1,1,0,0,1
3441,2016/6/7,长安区沣峪,1210,28.4,458,52,23,1,37.5,2,0,0,0,0,0
3442,2020/7/4,高陵区鹿苑,361,24.4,110,68,32,0.9,20,4,0,1,0,0,0
3443,2014/8/13,雁塔区杜城,726,15.8,253,30,27,0.8,21.4,0,0,1,0,0,0
3444,2015/7/5,蓝田县葛牌,1178,20,594,87,16,0.8,15.4,5,0,0,0,0,0
3447,2017/7/15,鄠邑区祖庵,868,38,1172,40,13,0.9,10,4,0,0,0,0,0
3449,2018/10/8,长安区小峪,1899,21.6,340,67,0,0.9,11.7,2,0,0,0,0,0
3450,2020/5/16,鄠邑区祖庵,2289,35.4,27,40,2,0.8,20.9,3,0,1,1,0,0
3451,2011/12/19,阎良区新兴,855,17,41,37,1,1.2,32,1,0,0,0,0,0
3454,2010/4/16,长安区小峪,1960,35.4,41,86,10,0.7,28,3,1,0,1,0,0
3455,2014/7/17,高陵区鹿苑,970,18.7,156,36,27,0.6,48,1,1,1,1,0,1
3456,2012/6/10,蓝田县蓝关,1535,35.3,15,40,28,1.1,36,5,1,0,1,0,1
3458,2020/9/28,周至县王家河,1547,28.8,818,95,33,1.1,51.4,4,1,1,1,0,0
3459,2018/7/26,未央区未央宫,533,17.1,229,30,14,1,18.1,1,0,1,1,0,0
3460,2023/8/14,周至县厚畛子,1599,28.1,1330,40,6,0.6,14.8,0,0,1,0,0,0
3461,2015/8/16,鄠邑区涝峪,2327,37.2,205,73,4,1.1,17.2,4,0,1,0,0,0
3462,2017/9/15,阎良区关山,716,22.9,707,55,39,1.1,10.4,4,0,0,0,0,0
3463,2013/7/13,蓝田县葛牌,1240,34.7,240,41,16,0.6,24,2,1,1,0,0,0
3466,2010/7/3,蓝田县玉川,1705,27.8,130,69,11,0.9,31.7,3,0,1,0,0,0
3467,2016/9/11,雁塔区杜城,365,25.1,104,30,32,0.7,28,1,1,0,1,0,1
3468,2014/10/21,鄠邑区祖庵,1178,40.2,641,40,20,1,11.9,3,1,1,1,0,0
3471,2010/7/20,蓝田县汤峪,937,29.9,146,88,40,1.1,17.4,2,0,1,0,0,0
3473,2016/9/30,未央区未央宫,986,26.2,581,30,30,1.2,21.1,1,1,1,0,0,0
3475,2011/9/23,灞桥区洪庆,699,11.9,82,30,6,0.9,19.2,1,0,0,0,0,0
3476,2010/10/3,长安区蒿沟,2019,38.3,769,40,15,0.8,17.5,0,0,0,0,0,0
3481,2019/11/10,阎良区武屯,508,25,158,30,40,0.6,20,2,0,1,1,0,0
3482,2016/3/10,雁塔区电子城,936,26.4,479,30,3,1.1,5.9,0,0,1,1,0,0
3483,2020/11/11,鄠邑区蒋村,2043,28,96,42,20,0.6,26.7,4,1,0,1,0,1
3484,2013/8/6,蓝田县蓝关,2181,38.3,370,71,24,1.2,30,3,0,1,0,0,1
3486,2023/7/23,灞桥区洪庆,371,15.9,764,40,6,0.9,14.4,1,1,0,0,0,1
3487,2012/9/9,未央区六村堡,382,17,3,30,7,1,11.8,1,1,0,0,0,1
3488,2010/7/28,高陵区鹿苑,760,25.1,229,30,1,1.1,40,4,1,0,0,0,1
3490,2013/9/29,灞桥区席王,584,26.7,485,30,9,0.6,16.2,1,1,1,1,0,0
3491,2016/8/10,蓝田县玉川,2459,28.5,388,91,4,0.7,10.1,2,0,0,0,0,0
3496,2018/10/12,雁塔区曲江,860,22,14,32,14,0.9,50,1,1,0,0,0,0
3497,2023/7/1,长安区子午峪,2485,33.4,16,82,35,1,20,3,0,0,0,0,0
3498,2015/9/19,灞桥区狄寨,956,21,120,57,6,0.7,20,1,0,0,0,0,0
3499,2016/5/9,雁塔区曲江,769,12,677,30,37,1.1,16.7,0,1,1,0,0,1
3500,2015/5/14,周至县马召,1675,28.2,358,91,5,0.7,23.9,3,0,1,1,0,0
3501,2011/3/10,长安区引镇,1463,34.5,349,90,37,1,17.2,3,0,0,0,0,0
3502,2011/11/26,未央区未央宫,381,18.3,39,72,38,0.8,15.4,1,0,1,0,0,1
3503,2017/10/9,长安区引镇,2203,25.1,992,79,12,0.8,30.6,2,1,0,1,0,0
3504,2010/7/24,未央区未央宫,844,22.5,843,37,36,0.8,32,1,0,0,0,0,0
3507,2020/10/12,蓝田县蓝关,903,41.8,67,40,22,1.1,9.4,3,1,1,1,0,1
3508,2013/8/2,长安区蒿沟,1419,25.4,366,95,3,1,32.6,3,0,0,0,0,0
3510,2021/8/3,长安区沣峪,2465,38,39,69,4,1,16,3,0,1,1,0,0
3511,2017/7/5,周至县王家河,2480,37.8,164,66,5,1.2,23.3,4,0,0,0,0,0
3514,2021/5/25,灞桥区白鹿塬,493,17.9,201,30,38,1,13.8,1,0,0,0,0,1
3515,2012/8/18,雁塔区杜城,629,24.2,795,49,27,1,17.6,0,0,0,0,0,0
3517,2011/8/20,长安区小峪,1060,36.9,164,80,4,1,54,3,0,1,1,0,0
3519,2019/9/13,蓝田县九间房,2299,43,31,56,32,1.1,22.6,3,0,0,0,0,0
3522,2019/9/16,临潼区骊山,927,50,106,30,26,0.7,17.3,1,0,1,1,0,0
3523,2023/9/29,长安区引镇,2419,35.9,179,65,28,1.2,28.6,2,0,1,1,0,0
3524,2015/12/24,长安区小峪,2153,39.6,52,74,16,0.8,22.2,0,1,1,0,0,0
3525,2010/7/31,临潼区零口,666,35.7,233,30,12,1.1,18.5,2,0,1,1,0,1
3527,2014/9/6,雁塔区杜城,823,18.1,384,36,24,1.1,22,1,0,0,0,0,1
3528,2010/5/12,临潼区斜口,631,20,434,71,36,0.9,14.9,0,0,0,0,0,0
3530,2016/5/3,鄠邑区蒋村,2144,25.5,325,80,27,0.9,21.8,5,0,0,0,0,0
3531,2023/9/29,雁塔区曲江,874,19.7,12,30,10,0.6,24.6,1,0,0,0,0,0
3532,2011/7/4,雁塔区杜城,992,10,394,42,37,0.6,40,0,1,0,0,0,1
3533,2010/10/21,周至县厚畛子,1112,45.5,627,40,13,0.7,22.2,3,0,1,0,0,0
3536,2010/7/8,周至县厚畛子,1414,29.8,419,73,27,1,10.7,0,0,0,0,0,0
3539,2012/5/27,鄠邑区甘河,2231,44.5,180,51,24,0.8,12.3,0,0,0,0,0,0
3540,2022/8/24,未央区六村堡,684,24.1,546,30,14,1,26.7,1,0,0,0,0,0
3542,2010/9/22,周至县广济,1903,31.2,469,40,36,0.6,20,0,0,1,0,0,0
3543,2010/8/21,周至县马召,1103,25.4,601,89,1,0.7,16.8,4,0,0,0,0,0
3544,2017/7/3,长安区太乙宫,1672,41.6,1,89,2,0.8,30.8,0,0,1,1,0,0
3549,2011/5/23,临潼区代王,913,45.4,255,31,34,0.7,5.1,0,0,1,0,0,0
3551,2018/11/15,长安区蒿沟,872,24.5,176,59,40,0.8,25.9,0,0,0,0,0,0
3552,2020/11/6,长安区蒿沟,994,39.4,570,40,33,1.2,33.5,2,1,0,0,0,0
3555,2020/5/25,高陵区耿镇,560,14.8,205,41,0,1.1,24,4,0,0,0,0,1
3556,2010/7/31,周至县马召,2435,27.3,81,44,11,1,28.2,4,1,1,1,0,0
3558,2017/7/30,长安区引镇,1659,30.5,512,65,16,1.1,11.1,0,0,0,0,0,0
3559,2023/8/18,长安区子午峪,1685,31.4,135,40,12,1,27,0,1,1,1,0,1
3560,2023/5/2,长安区子午峪,1044,46.3,229,48,7,1.2,17.6,3,1,1,1,0,0
3562,2012/9/20,周至县王家河,1331,33.3,122,78,30,1.1,30,0,0,0,0,0,0
3563,2021/9/18,鄠邑区甘河,1982,25.4,1500,77,0,1.1,13.3,0,0,0,0,0,0
3565,2015/6/5,灞桥区洪庆,769,20.4,111,45,17,0.6,12.1,1,1,0,0,0,0
3566,2018/6/5,周至县广济,1606,38.5,578,66,31,0.9,16.7,3,0,0,0,0,0
3567,2020/9/17,阎良区关山,639,24.6,790,58,38,0.6,13,4,0,0,0,0,0
3568,2023/3/22,长安区小峪,868,38.4,3,95,32,1.1,20.8,0,1,0,0,0,0
3569,2017/7/13,雁塔区电子城,659,11.5,52,30,10,0.7,10.9,1,0,1,0,0,0
3570,2018/5/3,鄠邑区玉蝉,1934,30.6,204,57,21,1.2,50,4,0,1,0,0,0
3571,2011/7/2,长安区太乙宫,2366,33.2,119,42,31,1,15.2,2,1,1,0,0,1
3572,2019/9/1,周至县王家河,1705,40.8,20,44,5,0.7,14.8,4,0,1,0,0,0
3573,2017/8/20,未央区谭家,537,27.7,567,30,24,0.9,15.2,1,1,0,1,0,0
3577,2010/8/26,鄠邑区玉蝉,1801,34.6,707,40,28,1.2,19.5,4,1,1,0,0,0
3580,2013/8/7,灞桥区席王,483,22.6,87,59,24,1,17.8,1,1,0,0,0,1
3583,2022/9/22,未央区六村堡,566,18.2,34,30,6,1,31.7,1,0,1,0,0,0
3585,2011/10/7,蓝田县葛牌,1515,36.8,7,40,37,0.7,12.1,3,0,1,0,0,0
3587,2014/9/12,临潼区代王,565,38.9,648,78,29,1.1,47.3,0,0,0,0,0,0
3590,2014/7/8,蓝田县玉川,867,36.4,21,40,23,0.9,29.2,3,1,1,1,0,1
3592,2016/7/17,长安区小峪,1031,37.5,1103,94,1,0.7,6.9,3,0,0,0,0,0
3593,2012/9/23,鄠邑区蒋村,2020,32.3,558,76,33,0.8,29.6,0,0,1,0,0,0
3596,2023/7/7,长安区太乙宫,920,50,201,54,33,0.9,8,0,1,1,1,0,0
3598,2023/11/4,长安区蒿沟,1286,31.9,97,66,19,0.7,50.4,3,1,1,1,0,0
3599,2020/8/7,未央区谭家,973,27.4,605,30,24,0.7,30,1,0,0,0,0,0
3600,2017/9/6,长安区引镇,2460,27,49,84,11,0.6,28,0,0,0,0,0,0
3601,2013/7/21,蓝田县蓝关,2375,36.3,148,45,23,0.8,14.3,5,1,1,1,0,0
3602,2015/9/6,鄠邑区蒋村,1594,42.9,138,84,40,1.1,14.3,3,1,1,1,0,0
3604,2011/8/13,高陵区鹿苑,728,25.2,59,38,4,0.6,16.7,1,1,0,0,0,0
3605,2021/8/5,未央区未央宫,303,12.8,164,30,7,0.6,18.8,1,1,1,1,0,1
3606,2017/7/27,周至县王家河,2077,39.8,11,68,6,0.9,7.2,3,1,1,0,0,0
3608,2018/7/14,阎良区关山,437,12.4,1180,30,15,0.9,15,4,0,1,1,0,1
3610,2014/8/11,临潼区骊山,627,30.2,211,30,37,0.9,12.9,0,1,1,1,0,0
3611,2014/6/10,蓝田县蓝关,2214,38.7,247,82,12,1,8.3,3,1,1,0,0,0
3612,2020/8/8,周至县马召,2006,28.8,48,83,11,0.6,12.1,3,0,0,0,0,0
3613,2020/8/29,长安区沣峪,2025,45.4,665,87,40,1.1,80,0,0,1,1,0,0
3616,2010/5/21,周至县板房子,1991,35.6,24,78,10,1.2,33.9,3,0,0,0,0,0
3618,2016/4/27,鄠邑区祖庵,2439,36.9,81,43,4,0.6,16.3,4,0,1,0,0,1
3620,2022/9/1,长安区沣峪,1023,50,318,91,8,0.7,30.8,3,0,1,1,0,0
3621,2023/9/12,蓝田县蓝关,1130,38.4,1008,95,23,1,10.5,3,0,0,0,0,0
3622,2018/7/28,雁塔区电子城,472,18.3,44,48,17,0.7,23,1,0,0,0,0,1
3623,2011/8/25,蓝田县九间房,881,35.7,140,88,10,1.2,10.9,3,1,1,1,0,0
3624,2010/11/20,灞桥区白鹿塬,394,17.4,183,60,27,1,13.1,1,1,1,0,0,0
3625,2020/7/17,蓝田县葛牌,2099,28.4,220,76,12,0.6,29.2,2,0,0,0,0,0
3627,2015/8/6,雁塔区电子城,567,17.8,317,30,8,1.2,36.2,0,1,1,1,0,0
3628,2018/6/16,周至县板房子,2124,30.1,218,83,36,0.6,41.8,3,1,0,0,0,0
3629,2013/5/22,灞桥区席王,697,19.5,456,80,19,0.6,16.2,1,1,0,1,0,0
3630,2015/9/7,高陵区通远,405,24.6,51,42,37,0.8,13,1,1,1,1,0,0
3631,2020/9/22,未央区谭家,979,17.8,455,41,30,0.6,20,1,1,1,0,0,0
3632,2020/11/16,鄠邑区蒋村,942,23.5,457,40,26,1.2,9.6,0,0,0,0,0,0
3633,2014/9/14,灞桥区席王,625,25.1,106,80,24,0.9,8.7,1,0,1,0,0,0
3634,2016/10/31,临潼区斜口,355,29.5,295,30,18,1.2,13.8,1,0,0,0,0,0
3635,2013/12/14,鄠邑区涝峪,1015,30.8,387,95,21,1.2,8.5,3,0,0,0,0,0
3636,2012/5/17,蓝田县葛牌,1723,25.3,365,85,21,1.1,14.8,3,0,0,0,0,0
3637,2020/5/15,临潼区代王,818,34.7,115,74,23,1,25.9,1,0,1,1,0,0
3639,2018/8/29,蓝田县葛牌,1129,37.7,103,87,18,0.8,12,3,1,0,0,0,0
3641,2012/5/22,鄠邑区蒋村,1425,23.2,58,51,39,0.6,14.5,0,0,0,0,0,0
3643,2021/8/1,雁塔区杜城,449,16.2,62,48,2,0.8,34.5,1,0,1,0,0,1
3645,2018/10/31,雁塔区电子城,920,17,999,57,26,1.2,25,0,0,1,0,0,0
3646,2018/9/21,蓝田县九间房,1446,25,186,70,29,0.8,50,5,0,0,0,0,0
3649,2017/8/14,高陵区通远,831,16.2,206,47,10,0.9,20,4,1,1,1,0,0
3650,2015/7/13,周至县马召,922,27.7,486,95,31,1.1,17.3,3,0,1,1,0,0
3654,2021/7/31,蓝田县蓝关,840,25.6,683,85,6,0.7,16.7,3,1,0,0,0,1
3657,2011/5/27,蓝田县九间房,1545,38.4,509,72,4,1.2,15.6,3,1,0,1,0,0
3658,2020/9/21,雁塔区曲江,863,15,127,30,2,0.6,42,0,1,1,1,0,1
3660,2011/2/5,灞桥区狄寨,612,26.2,208,37,26,0.9,14,1,0,1,0,0,0
3661,2019/8/1,灞桥区白鹿塬,700,20.9,72,30,37,1.2,25,1,0,1,0,0,0
3662,2014/9/23,周至县广济,1343,27,47,56,13,1.2,23,5,0,0,0,0,0
3663,2013/8/21,长安区太乙宫,1026,27,32,64,37,0.6,20.4,3,0,1,0,0,0
3666,2015/12/31,未央区谭家,786,27.5,586,49,35,0.9,7.9,1,1,0,0,0,0
3667,2014/8/17,临潼区零口,777,31.2,542,30,25,1,12,0,0,0,0,0,0
3669,2022/9/8,高陵区耿镇,430,22.2,63,42,14,0.6,20,4,0,1,0,0,1
3672,2022/10/16,雁塔区曲江,490,25.6,180,46,8,1.2,66,1,1,1,1,0,1
3673,2014/9/22,长安区蒿沟,2230,32.1,119,95,1,1.1,12.5,2,1,1,0,0,0
3677,2022/6/15,长安区引镇,870,24.9,226,84,6,0.9,22,0,0,0,0,0,0
3680,2017/5/26,周至县广济,1189,49.2,113,50,2,0.8,5,3,0,0,0,0,0
3681,2019/5/24,雁塔区杜城,798,17.6,436,71,18,0.6,68,1,0,1,1,0,1
3683,2013/7/30,雁塔区杜城,661,14.6,177,38,40,0.9,15,1,0,1,0,0,0
3684,2017/9/15,鄠邑区玉蝉,1851,39.6,136,64,18,1.1,14.5,3,1,1,1,0,0
3687,2018/8/11,高陵区鹿苑,755,24.1,53,30,40,0.8,5.3,4,0,1,0,0,0
3688,2021/10/19,灞桥区洪庆,523,21.7,413,69,22,1.2,9.6,1,0,0,0,0,0
3689,2018/7/6,临潼区斜口,474,47.8,740,30,38,1.2,10.5,0,1,1,1,0,0
3690,2011/12/29,长安区太乙宫,1143,26.9,76,60,4,0.9,21.7,2,1,0,0,0,0
3691,2011/9/27,蓝田县九间房,1868,43.6,1500,95,9,0.6,50,0,1,0,0,0,0
3692,2010/8/24,未央区六村堡,635,13,255,51,21,0.7,38,1,0,0,0,0,0
3694,2012/2/27,周至县板房子,983,27.2,753,82,24,0.9,10.3,5,0,0,0,0,0
3695,2013/7/20,长安区蒿沟,1596,24.7,551,46,7,1.1,17.9,0,0,0,0,0,0
3696,2013/8/25,灞桥区席王,912,19.4,16,30,38,0.7,11.6,1,0,0,0,0,0
3700,2015/5/30,长安区引镇,1510,38,166,40,28,1.1,25.5,3,1,1,1,0,0
3703,2015/8/21,灞桥区洪庆,390,21,221,30,29,1.2,28,1,0,1,0,0,0
3704,2015/10/25,雁塔区电子城,920,19.4,940,56,37,0.7,24.7,1,0,0,0,0,0
3707,2014/8/10,周至县王家河,1677,46.9,471,77,19,0.7,33.3,3,1,0,0,0,0
3708,2017/6/29,临潼区骊山,321,44.4,188,45,39,0.9,8.3,1,1,1,0,0,1
3711,2022/9/1,长安区太乙宫,1555,38.9,251,94,1,0.9,40,0,1,0,0,0,0
3713,2023/9/18,长安区蒿沟,1677,24,229,89,21,0.9,13,0,0,0,0,0,0
3714,2022/7/29,长安区蒿沟,815,35.8,435,40,39,0.9,12.2,2,1,1,1,0,0
3716,2011/9/17,灞桥区洪庆,712,10,259,30,22,0.8,20,1,1,0,1,0,0
3717,2020/8/23,长安区子午峪,864,26,832,40,5,0.8,10.7,3,0,0,0,0,0
3721,2015/7/31,蓝田县玉川,839,38.7,50,84,13,0.6,35.6,5,0,0,0,0,1
3723,2022/9/21,鄠邑区甘河,1938,50,260,91,7,1,11.5,3,0,0,0,0,0
3725,2016/7/30,灞桥区席王,305,23.3,1219,30,23,0.6,22.5,1,0,0,0,0,0
3726,2011/10/16,灞桥区席王,966,22.8,1000,40,3,0.8,9.3,1,0,0,0,0,0
3727,2013/9/10,鄠邑区玉蝉,1859,40.2,73,85,35,0.9,22,4,1,1,0,0,0
3728,2023/7/22,长安区沣峪,1601,20,663,59,11,0.8,46.2,3,0,0,0,0,0
3729,2013/6/3,鄠邑区玉蝉,1209,33,371,75,19,0.9,12.3,5,0,0,0,0,0
3730,2015/8/27,鄠邑区涝峪,818,47.1,35,86,11,0.9,15,3,0,0,0,0,0
3731,2016/8/5,周至县马召,2090,29.9,516,86,11,0.7,32.3,3,0,0,0,0,0
3733,2018/9/30,临潼区代王,920,34,39,41,23,1.2,13.3,2,1,1,0,0,0
3734,2015/7/31,蓝田县汤峪,2317,28.9,1137,62,27,0.7,26.7,5,1,0,0,0,0
3735,2018/5/3,周至县广济,1207,28.2,66,59,29,0.7,12.8,3,0,0,0,0,0
3737,2016/7/7,鄠邑区甘河,2151,44.9,1500,40,25,1.2,25,4,0,1,0,0,0
3739,2016/7/9,临潼区斜口,848,31.3,92,61,11,0.9,23.3,2,1,1,1,0,0
3740,2010/9/28,临潼区代王,629,28.8,1224,30,20,0.6,21.8,1,0,0,0,0,0
3744,2018/8/11,蓝田县蓝关,1660,36.6,253,90,38,0.8,23.6,2,0,0,0,0,0
3745,2015/5/28,周至县广济,1599,34.8,562,73,4,0.8,40,4,1,0,0,0,0
3747,2022/7/28,鄠邑区甘河,1429,35.3,36,82,37,1,8,3,0,0,0,0,0
3748,2011/5/15,周至县王家河,2245,20,788,65,0,0.8,9.8,0,0,0,0,0,0
3749,2014/8/31,灞桥区席王,458,19.1,35,30,13,0.8,15.6,1,1,0,1,0,0
3750,2013/9/15,灞桥区白鹿塬,729,16.1,477,30,32,1,10.7,1,1,1,1,0,0
